ticker,score,RS
HYMC,982.29,99
LICN,874.01,99
BW,807.11,99
ABVX,801.07,99
AXTI,745.04,99
ERAS,657.97,99
MTC,644.92,99
CGTL,636.52,99
ANL,626.15,99
TERN,609.11,99
AFJKU,608.46,99
BNAI,608.43,99
RLMD,593.77,99
BNR,589.94,99
TII,561.2,99
VTYX,559.85,99
GLTO,555.16,99
SCZM,544.45,99
ALMS,544.13,99
SLGL,534.85,99
RAPT,504.8,99
NUAI,498.09,99
ONDS,493.41,99
CELC,492.29,99
FIEE,470.02,99
AFJK,449.58,99
SOGP,449.21,99
TROO,442.09,99
PRAX,440.64,99
LITE,435.88,99
OLMA,434.17,99
BE,429.38,99
XWIN,420.56,99
TE,414.06,99
NEGG,413.1,99
CRVS,411.14,99
TRX,409.12,99
COGT,407.98,99
JFB,405.98,99
ASM,394.53,99
OPTX,393.02,99
BIOA,391.76,99
RHLD,381.22,99
INBX,379.62,99
WDC,377.22,99
TNGX,376.04,99
ANRO,362.19,99
NBTX,361.68,99
CTMX,356.35,99
USAS,345.66,99
IRWD,344.66,99
ALM,341.39,99
PZG,335.66,99
PL,329.36,99
ARWR,328.62,99
ARMP,327.08,99
PHOE,327.05,99
HL,325.23,99
STTK,324.92,99
CAPR,324.66,99
FBRX,322.15,99
ASTI,321.3,99
PTNM,319.7,99
ZURA,317.58,99
MU,317.31,98
MAMK,316.93,98
SATS,315.6,98
FLNC,314.32,98
GPCR,313.64,98
NRGV,313.4,98
WBX,310.16,98
LVLU,308.55,98
ASYS,308.07,98
GLUE,307.81,98
MAZE,305.31,98
MCTA,304.94,98
ARMN,304.24,98
IPSC,304.04,98
TGB,303.95,98
GORO,303.91,98
CRML,303.48,98
CLYM,303.34,98
PACS,302.73,98
STX,301.49,98
OPEN,299.94,98
KOD,299.34,98
IREN,298.47,98
SKYT,292.56,98
LASR,290.77,98
APLD,286.37,98
TYGO,285.4,98
AP,283.35,98
MAGH,282.6,98
MBX,281.33,98
SMX,278.92,98
GLSI,278.39,98
SHMD,278.18,98
PVLA,275.3,98
AG,274.17,98
ZEPP,271.44,98
ASTS,271.25,98
VICR,270.21,98
PEPG,269.72,98
LPCN,268.84,98
NVA,267.83,98
IAUX,267.02,98
UUUU,266.74,98
DBVT,265.86,98
SBSW,263.77,98
VFF,262.61,98
TTI,262.44,98
THM,260.82,98
SPRU,260.36,98
ENLT,258.67,98
TTMI,258.37,98
CNTX,257.95,98
IBRX,257.86,98
FRGE,256.9,98
AMPX,256.78,98
EMPG,256.18,98
TMQ,254.95,98
PRE,251.25,98
OVID,250.33,98
HBM,250.04,98
CMTL,249.66,98
NGL,249.29,98
RMCO,248.61,98
ATRO,248.07,98
AREC,246.25,97
LAR,246.14,97
GITS,246.02,97
IMMX,245.58,97
TYRA,244.47,97
AAUC,243.86,97
LPTH,243.75,97
CYD,243.02,97
VGZ,242.69,97
VSAT,242.39,97
BLTE,242.38,97
THAR,240.74,97
ELVA,240.67,97
GRAL,240.22,97
ALTO,239.76,97
SIFY,238.94,97
WRN,238.87,97
JMIA,238.77,97
FET,238.16,97
NESR,237.27,97
CIEN,236.93,97
ANNX,236.02,97
IMNM,235.99,97
SLS,235.79,97
AUGO,235.55,97
SVM,235.45,97
RILYL,235.28,97
NEXA,235.02,97
TOYO,234.49,97
TMCWW,234.19,97
CDE,233.67,97
APLM,233.52,97
HLF,233.51,97
WULF,233.46,97
TER,233.43,97
HUT,232.54,97
BLBX,232.52,97
EXK,232.24,97
JFU,232.07,97
DRTS,231.66,97
IAG,231.32,97
PGEN,230.56,97
SKE,229.35,97
RILYP,229.33,97
MUX,229.21,97
NEWP,228.58,97
BODI,228.1,97
VSCO,228.03,97
UAMY,226.49,97
NNNN,226.21,97
ALB,225.97,97
CMPX,225.8,97
TSEM,224.89,97
EFTY,224.67,97
VSME,224.35,97
PHAT,223.7,97
ERO,223.62,97
ALXO,223.34,97
LQDA,223.26,97
OSS,223.22,97
STOK,223.04,97
SND,222.84,97
CIFR,222.83,97
IE,222.48,96
NGD,220.63,96
CENX,220.18,96
PLAG,220.18,96
UPB,219.89,96
KYTX,219.15,96
PRPO,218.4,96
VISN,218.3,96
APYX,217.43,96
EDAP,216.54,96
EQ,216.51,96
TPC,215.99,96
DBI,215.81,96
RVMD,215.71,96
ACMR,215.46,96
COHR,213.53,96
SOHO,213.43,96
FTCI,213.24,96
MKSI,213.12,96
CTNM,213.05,96
BVN,212.59,96
SHIM,212.14,96
ORKA,212.12,96
BKD,211.57,96
AMLX,210.69,96
TENX,210.64,96
SRZN,210.59,96
SGML,209.67,96
GOLD,209.32,96
AU,209.2,96
FEIM,209.18,96
CGAU,209.05,96
BATL,208.83,96
WBD,207.97,96
B,207.53,96
LRCX,207.45,96
INNV,207.1,96
SLSR,206.86,96
GILT,206.85,96
DSGN,206.5,96
ITRG,206.22,96
NVRI,205.97,96
SLI,205.76,96
LCTX,205.64,96
PRLD,205.62,96
ANAB,205.33,96
SEPN,205.27,96
BORR,205.07,96
FOSL,204.72,96
GSAT,203.86,96
FTAI,203.69,96
NKTR,203.17,96
NUVB,203.11,96
MOB,202.96,96
IVVD,202.9,96
KRMN,202.83,96
LYEL,202.51,96
POWL,202.46,96
PAAS,201.94,96
IMDX,201.74,96
NERV,201.24,96
RKLB,201.2,96
VIAV,200.95,96
GROY,200.82,96
BELFB,200.49,95
ASA,200.45,95
SSP,200.08,95
SPHR,199.77,95
LNKS,199.74,95
PBYI,199.66,95
INTC,199.26,95
ABTS,198.89,95
DRD,198.6,95
CPSH,198.6,95
NBP,198.34,95
VELO,198.26,95
NVTS,197.76,95
SPRO,197.69,95
GFI,197.57,95
TAYD,197.36,95
EPRX,197.33,95
BELFA,196.99,95
DNTH,196.63,95
IBIO,196.45,95
TEVA,196.38,95
KLRS,196.31,95
SJ,195.55,95
IONS,195.5,95
EQX,195.46,95
DGP,195.43,95
WSHP,195.3,95
ISSC,194.91,95
KGC,194.86,95
TXMD,194.83,95
DRUG,194.73,95
CNL,194.7,95
NAK,194.54,95
RUN,194.53,95
WLDN,194.34,95
AGH,194.23,95
GREEL,194.04,95
ELVR,194.04,95
ENTA,193.79,95
OWLT,193.75,95
FTRE,193.66,95
INDV,193.09,95
SION,192.84,95
FORM,192.04,95
CHRS,191.78,95
CSTM,191.65,95
SPRB,191.38,95
NAUT,191.3,95
SII,191.1,95
DC,191.08,95
NXT,190.87,95
VPG,190.56,95
IDR,190.5,95
NEM,190.35,95
CATX,190.24,95
KEN,189.91,95
ESPR,189.8,95
BUUU,189.8,95
MIRM,189.66,95
SCCO,189.64,95
OMER,189.57,95
ACRS,189.2,95
ROLR,189.16,95
ENGN,188.44,94
GCT,188.21,94
RLAY,188.18,94
VTVT,188.17,94
EGO,188.06,94
ABAT,187.63,94
RILYZ,187.58,94
MTA,187.56,94
NATR,187.3,94
PLTS,187.27,94
AVDL,187.18,94
RDNW,186.96,94
AXGN,186.92,94
DFTX,186.87,94
EFXT,186.57,94
GH,186.52,94
ZNTL,186.32,94
TMC,186.24,94
QTTB,185.95,94
UEC,185.9,94
RILY,185.81,94
EKSO,185.31,94
SIMO,185.21,94
SQM,185.18,94
IMRX,184.93,94
CECO,184.76,94
ADCT,184.57,94
HYFT,184.32,94
AA,184.25,94
FIX,184.19,94
KYMR,183.98,94
CNTB,183.94,94
ABVE,183.85,94
LSTA,183.82,94
BWAY,183.64,94
LTRX,183.51,94
ALNT,183.27,94
EB,183.13,94
TCMD,183.13,94
KEP,183.07,94
DPRO,183.03,94
MOVE,183.03,94
HOVR,182.93,94
ARRY,182.85,94
MAMA,182.6,94
GPRE,182.48,94
LEU,182.45,94
SLDP,182.39,94
AEI,182.21,94
TROX,182.0,94
AEIS,181.79,94
NGEN,181.74,94
ENS,181.44,94
IMOS,181.35,94
MATV,181.33,94
SA,181.31,94
SY,181.2,94
ELE,181.15,94
NB,181.09,94
RILYT,180.7,94
DHC,180.5,94
CYPH,180.45,94
FOLD,180.02,94
COHN,179.74,94
CALY,179.43,93
PANL,179.38,93
SABS,179.29,93
SSRM,179.19,93
PTN,179.19,93
STRT,179.06,93
FIGS,178.79,93
MLYS,178.6,93
NFGC,178.41,93
KALU,178.39,93
TRT,178.38,93
TSHA,178.31,93
SHLS,178.19,93
NUTR,178.11,93
KMT,178.1,93
NG,178.03,93
RILYG,177.89,93
MT,177.88,93
EXAS,177.63,93
DBGI,177.22,93
LITB,177.07,93
GLW,176.95,93
CGON,176.94,93
NRXS,176.68,93
SIDU,176.56,93
AXL,176.15,93
INTG,175.98,93
DNN,175.95,93
ELA,175.92,93
ESTA,175.92,93
VERA,175.9,93
IVA,175.83,93
BTU,175.77,93
FBIOP,175.73,93
LUV,175.71,93
AMKR,175.65,93
USAR,175.41,93
OESX,175.28,93
SEB,175.2,93
QBTS,175.14,93
AAOI,175.13,93
KTOS,175.03,93
VNDA,174.62,93
SYRE,174.34,93
CPAC,174.04,93
VLRS,173.94,93
ORLA,173.61,93
SYPR,173.58,93
KF,173.54,93
PRM,173.51,93
AGX,173.49,93
UCTT,173.44,93
GRDX,173.44,93
NBIS,173.29,93
IRD,173.27,93
DAN,173.14,93
TBPH,172.85,93
KORE,172.66,93
LMND,172.23,93
NEOG,172.2,93
ELAN,172.07,93
VWAV,172.04,93
AEO,171.99,93
DIBS,171.91,92
LWLG,171.61,92
RFIL,171.56,92
POAS,171.43,92
TIGO,171.35,92
CTGO,171.32,92
RERE,171.17,92
OIS,171.05,92
CHRW,170.97,92
HBNB,170.81,92
RNA,170.8,92
CCJ,170.7,92
MSGM,170.61,92
SEDG,170.44,92
VRDN,170.28,92
PPTA,170.02,92
SGHT,169.69,92
RCUS,169.58,92
LTM,169.57,92
PKST,169.53,92
NBR,169.41,92
BTE,169.4,92
VZLA,169.22,92
ASX,169.14,92
ALGT,169.11,92
PLG,168.99,92
BBIO,168.87,92
PARR,168.76,92
MOD,168.57,92
LBRT,168.47,92
FLNT,168.44,92
ABOS,167.62,92
PSIG,167.52,92
BWEN,167.28,92
DOO,167.21,92
WFRD,167.1,92
TARA,167.02,92
BKTI,166.98,92
EWTX,166.76,92
ASML,166.76,92
FIVE,166.38,92
CMCL,166.29,92
ODV,166.29,92
ATNI,166.24,92
SNBR,165.9,92
WWD,165.89,92
STRS,165.87,92
AVTX,165.87,92
AEHR,165.82,92
GLDG,165.61,92
CIB,165.58,92
REAL,165.58,92
THR,165.43,92
ROMA,165.22,92
SLAB,164.96,92
HLIO,164.93,92
NXTC,164.76,92
FULC,164.68,92
CMP,164.62,92
ICHR,164.6,92
TRVI,164.6,92
EOSE,164.52,92
KRYS,164.5,92
ATI,164.44,92
WPM,164.4,91
NXE,164.33,91
VALE,164.33,91
SVRA,164.25,91
CAT,164.23,91
MRNA,164.11,91
RILYN,163.94,91
ESLT,163.86,91
HSHP,163.69,91
VRCA,163.54,91
OMEX,163.53,91
AMTM,163.28,91
HP,163.04,91
SLNHP,163.04,91
AMRX,163.02,91
GAU,162.97,91
NRT,162.6,91
MBAI,162.54,91
RIG,162.54,91
MRKR,162.26,91
CMI,162.16,91
RGLD,162.13,91
WVE,162.05,91
MTSI,161.9,91
BLNE,161.84,91
BBVA,161.59,91
BAER,161.59,91
BAP,161.54,91
ESP,161.52,91
NAMSW,161.39,91
CMC,161.3,91
TRON,161.22,91
GOSS,161.0,91
FTI,160.95,91
HII,160.89,91
SAN,160.88,91
VOXR,160.84,91
SLDB,160.83,91
TPB,160.79,91
EAF,160.77,91
PLAB,160.71,91
TXG,160.69,91
MP,160.59,91
CLS,160.4,91
FCX,160.35,91
NVMI,160.35,91
ANDE,160.15,91
SNCY,160.11,91
BLFY,160.01,91
DTI,160.0,91
ZYME,159.97,91
CERS,159.94,91
CSIQ,159.9,91
WS,159.89,91
FCAP,159.88,91
ROIV,159.85,91
FURY,159.84,91
DG,159.62,91
MFI,159.6,91
KSS,159.18,91
BFLY,159.07,91
DOCN,159.02,91
FTK,158.97,91
W,158.94,90
FDMT,158.7,90
DLX,158.65,90
PTGX,158.47,90
SKYX,158.41,90
CCO,158.39,90
TCI,158.27,90
FSM,158.18,90
PLPC,158.17,90
YDDL,158.15,90
GM,158.0,90
MFG,157.92,90
PDS,157.85,90
WILC,157.85,90
PUMP,157.64,90
BWNB,157.64,90
CLLS,157.54,90
SITM,157.4,90
AMAT,157.35,90
HCC,157.35,90
OR,157.21,90
UUU,157.1,90
ADAG,157.05,90
DY,156.94,90
AXSM,156.89,90
CMTV,156.86,90
ZEUS,156.83,90
CTRN,156.83,90
ADPT,156.72,90
NEPH,156.71,90
LCII,156.66,90
ZUMZ,156.58,90
RAPP,156.49,90
IHRT,156.48,90
IBP,156.22,90
PHAR,156.2,90
ATLN,156.06,90
SMTC,156.01,90
GEV,155.99,90
AGCC,155.96,90
CX,155.95,90
HLLY,155.76,90
ESGL,155.61,90
STRL,155.59,90
NPCE,155.34,90
APEI,155.26,90
SATL,155.24,90
AEM,155.13,90
GOOGL,155.05,90
PRIM,155.03,90
EYE,155.01,90
MG,154.87,90
LIVE,154.77,90
VOD,154.72,90
ORMP,154.63,90
AENT,154.58,90
CLMT,154.56,90
QURE,154.46,90
GOOG,154.26,90
ISBA,154.19,90
MATX,154.15,90
PPIH,154.07,90
LYG,154.03,90
HOFT,153.95,90
ARQT,153.65,89
ZBIO,153.64,89
CGEM,153.53,89
CING,153.5,89
NGVT,153.45,89
KLIC,153.41,89
EL,153.35,89
HE,153.21,89
CMDB,153.13,89
COLL,153.09,89
MSGE,152.95,89
RIO,152.75,89
ALGM,152.69,89
GRNQ,152.67,89
RCAT,152.53,89
ELLO,152.51,89
FDX,152.46,89
GHM,152.46,89
ABVC,152.45,89
APGE,152.41,89
JOUT,152.4,89
MLCI,152.39,89
YTRA,152.26,89
UONEK,152.26,89
ORA,152.1,89
AAMI,152.07,89
EBS,152.06,89
TWIN,152.04,89
AGI,152.0,89
IHS,151.99,89
ODYS,151.96,89
ORN,151.95,89
TFPM,151.95,89
DCO,151.87,89
HROW,151.82,89
FGI,151.78,89
SNDX,151.69,89
RMCF,151.59,89
FBIO,151.53,89
MRAM,151.44,89
QIPT,151.36,89
MTRN,151.36,89
EGBN,151.34,89
ARCB,151.34,89
ARVN,151.16,89
TBMCR,151.12,89
KE,151.05,89
XPEL,150.99,89
SCHL,150.85,89
CPS,150.76,89
LIND,150.69,89
MOV,150.66,89
DIN,150.65,89
KNSA,150.53,89
OUT,150.46,89
BCH,150.46,89
COMP,150.45,89
RENT,150.28,89
NPKI,150.28,89
PSNL,150.27,89
PAHC,150.21,89
MYE,150.17,89
BWMX,150.14,89
BC,150.03,88
SD,150.01,88
ATMU,149.98,88
ONTO,149.96,88
COCO,149.93,88
BTG,149.85,88
RYAM,149.84,88
UROY,149.8,88
USAU,149.65,88
PASG,149.65,88
WT,149.43,88
SSL,149.31,88
SBH,149.24,88
RRBI,149.23,88
MCRP,149.23,88
SRRK,149.19,88
ALLO,149.17,88
TWST,149.08,88
AIR,149.02,88
SES,148.98,88
AMG,148.91,88
BTSG,148.81,88
ADI,148.79,88
GSIT,148.7,88
NC,148.68,88
DDL,148.59,88
CBLL,148.44,88
RPID,148.39,88
ONTF,148.37,88
ULCC,148.34,88
URG,148.34,88
TLS,148.31,88
MAIA,148.15,88
WCC,148.13,88
LE,148.06,88
LUNR,147.93,88
DMAC,147.92,88
VTRS,147.82,88
DD,147.8,88
UGP,147.73,88
VFC,147.65,88
OSK,147.6,88
MOFG,147.58,88
PARK,147.51,88
TECK,147.43,88
CAMT,147.39,88
AIP,147.27,88
JBIO,147.25,88
DWSN,147.24,88
M,147.17,88
STEX,147.07,88
ULTA,147.06,88
MPWR,146.83,88
STLD,146.81,88
CLF,146.81,88
DK,146.8,88
DAR,146.66,88
KLAC,146.62,88
HRTG,146.59,88
JBHT,146.57,88
HUBG,146.54,88
MTW,146.54,88
IMMP,146.51,88
CSTL,146.5,87
BCS,146.5,87
ISOU,146.44,87
OCGN,146.32,87
PLXS,146.23,87
QXO,146.15,87
SEI,145.99,87
PHIN,145.94,87
WF,145.92,87
INVX,145.89,87
DBRG,145.88,87
WHLRP,145.85,87
SFST,145.78,87
HSBC,145.75,87
AVAL,145.73,87
IPX,145.64,87
GPGI,145.56,87
AMBP,145.53,87
MCB,145.49,87
DGII,145.38,87
BSAC,145.36,87
ARDX,145.21,87
PKE,145.19,87
PUK,145.12,87
IMTX,145.02,87
HAL,145.0,87
LFUS,144.96,87
RYI,144.88,87
BTSGU,144.87,87
OBE,144.86,87
AEVA,144.86,87
ALEC,144.81,87
BBD,144.76,87
ENPH,144.72,87
ATLO,144.7,87
YETI,144.65,87
SHIP,144.52,87
RIGL,144.5,87
EZPW,144.46,87
FN,144.41,87
LSCC,144.4,87
DAWN,144.29,87
NVT,144.25,87
ASMB,144.24,87
DJCO,144.16,87
NOV,144.15,87
CFG,144.08,87
HMY,143.94,87
ARKO,143.86,87
CSTE,143.79,87
ZIM,143.78,87
DCI,143.7,87
CLB,143.68,87
XPRO,143.68,87
TRDA,143.68,87
SLB,143.62,87
BETR,143.55,87
GRC,143.49,87
HTLD,143.44,87
EVC,143.42,87
GSK,143.41,87
CNTA,143.4,87
GTX,143.36,87
INSM,143.32,87
KRMD,143.26,86
PTCT,143.22,86
DVS,143.2,86
LAC,143.11,86
TPR,143.07,86
BAR,142.9,86
CODA,142.9,86
COHU,142.89,86
KNOP,142.84,86
OPXS,142.78,86
AHMA,142.77,86
ECVT,142.67,86
NHC,142.61,86
FHTX,142.46,86
GGB,142.33,86
MRK,142.26,86
TALO,142.26,86
PII,142.23,86
TSM,142.21,86
GOLF,142.16,86
EBMT,142.16,86
CYTK,141.99,86
FNV,141.98,86
LGND,141.95,86
ENVA,141.94,86
URGN,141.92,86
VIK,141.9,86
OMCL,141.86,86
UMC,141.84,86
DAKT,141.82,86
SMFG,141.79,86
ING,141.72,86
DVAX,141.72,86
BKSY,141.65,86
NUE,141.64,86
ELVN,141.62,86
IMO,141.62,86
KFFB,141.59,86
PAL,141.57,86
WHWK,141.5,86
SRI,141.49,86
ECPG,141.44,86
HAS,141.43,86
SNEX,141.42,86
NWG,141.31,86
VHC,141.26,86
SKM,141.03,86
STRO,141.02,86
XPO,140.88,86
PLOW,140.87,86
TEX,140.82,86
XMTR,140.8,86
SRL,140.71,86
SOLS,140.62,86
BH,140.62,86
DSX,140.54,86
LIVN,140.49,86
TV,140.46,86
OMH,140.43,86
CMRE,140.4,86
NSSC,140.34,86
SKBL,140.33,86
LEG,140.29,86
BHE,140.28,86
EGY,140.27,85
WGO,140.25,85
CFLT,140.24,85
TBBB,140.19,85
OII,140.15,85
BG,140.15,85
ECO,140.08,85
HUN,140.05,85
EHAB,140.01,85
MTZ,140.01,85
UMAC,139.98,85
AEBI,139.97,85
ISTR,139.96,85
FWRD,139.94,85
NGS,139.94,85
NWPX,139.92,85
RMBS,139.9,85
MCY,139.89,85
RDZN,139.84,85
AMAL,139.82,85
IPGP,139.81,85
VREX,139.8,85
CBNA,139.79,85
ROK,139.71,85
AVAH,139.67,85
BHP,139.66,85
ACNT,139.58,85
BWA,139.39,85
CUK,139.36,85
TILE,139.35,85
BBDO,139.34,85
NEO,139.31,85
TDAY,139.29,85
APA,139.17,85
WLFC,139.12,85
SIF,139.12,85
MSBI,139.11,85
INDO,139.11,85
MCHP,139.1,85
SU,139.01,85
FRO,138.96,85
PKBK,138.91,85
SSBI,138.89,85
LINC,138.89,85
RAIL,138.89,85
CMBM,138.83,85
MTUS,138.79,85
PSMT,138.73,85
KWR,138.72,85
IVZ,138.68,85
MEOH,138.67,85
PESI,138.63,85
PBT,138.61,85
JNJ,138.59,85
RUSHA,138.58,85
DXST,138.58,85
MRBK,138.56,85
FGNXP,138.56,85
SB,138.55,85
NE,138.52,85
PATK,138.49,85
GMAB,138.48,85
VRT,138.39,85
BOTJ,138.38,84
HG,138.33,84
AUPH,138.3,84
VSEC,138.29,84
WLACU,138.27,84
LAUR,138.23,84
PDC,138.2,84
MNST,138.17,84
IX,138.13,84
AMRC,138.12,84
HUYA,138.02,84
CAAP,138.0,84
MSGS,138.0,84
HYPD,137.97,84
EC,137.94,84
FRST,137.88,84
CW,137.87,84
MYRG,137.81,84
SMRT,137.78,84
NRIX,137.76,84
PH,137.73,84
AMR,137.72,84
VLO,137.63,84
NPK,137.59,84
PCVX,137.57,84
BLD,137.53,84
CC,137.49,84
IRMD,137.42,84
DDS,137.4,84
NAT,137.37,84
RKT,137.37,84
SHG,137.35,84
CVE,137.31,84
CGTX,137.3,84
IESC,137.28,84
ISPR,137.23,84
NYAX,137.19,84
REX,137.18,84
CBUS,137.12,84
CABA,137.1,84
BBU,137.05,84
IDYA,136.95,84
GSL,136.95,84
CRS,136.95,84
NMM,136.9,84
AEC,136.85,84
LOB,136.83,84
NBN,136.81,84
TD,136.79,84
EXPD,136.78,84
LEA,136.76,84
ODFL,136.74,84
WERN,136.73,84
VBNK,136.73,84
LION,136.69,84
OPY,136.69,84
MRCY,136.59,84
PODC,136.53,84
PHVS,136.51,84
SHOO,136.5,84
NKSH,136.47,84
JAZZ,136.45,84
NUTX,136.44,84
CPA,136.4,84
CTRI,136.27,83
TATT,136.25,83
BIIB,136.13,83
UTHR,136.08,83
LGN,136.08,83
VET,136.06,83
GTE,136.06,83
INSW,136.0,83
STEL,135.94,83
EE,135.92,83
BKR,135.92,83
BMNR,135.91,83
ASTE,135.9,83
BIDU,135.88,83
HTBK,135.83,83
OCS,135.78,83
BGSF,135.78,83
ALHC,135.77,83
C,135.7,83
DNLI,135.69,83
TVTX,135.67,83
LECO,135.66,83
RYTM,135.58,83
NMRA,135.55,83
PSIX,135.49,83
TWI,135.47,83
DBD,135.47,83
IFS,135.39,83
PEN,135.39,83
CREX,135.39,83
SOPH,135.38,83
VLY,135.35,83
LXEO,135.31,83
ADUR,135.29,83
FLS,135.28,83
MUFG,135.27,83
SEMR,135.27,83
ITUB,135.21,83
WNEB,135.18,83
IDN,135.17,83
APG,135.15,83
OI,135.15,83
NMR,135.14,83
MEDP,135.13,83
GDC,135.05,83
CMPR,135.04,83
EYPT,134.93,83
SYNA,134.92,83
TX,134.89,83
ADEA,134.88,83
EMBJ,134.74,83
BWFG,134.74,83
BCX,134.69,83
HTHT,134.68,83
NPT,134.66,83
MAAS,134.63,83
LHX,134.63,83
ON,134.61,83
MDXH,134.6,83
REZI,134.51,83
XOM,134.47,83
ROG,134.43,83
SDRL,134.43,83
NTHI,134.42,82
GDS,134.15,82
BBW,134.1,82
JCI,134.06,82
IRON,134.05,82
QVCGA,133.93,82
LLY,133.87,82
KALV,133.86,82
PSTL,133.86,82
BKU,133.82,82
GILD,133.8,82
CVNA,133.78,82
TKR,133.78,82
YI,133.75,82
PYPD,133.72,82
WTI,133.67,82
WSBF,133.65,82
DVN,133.64,82
RAVE,133.59,82
PLUG,133.55,82
HBB,133.55,82
DFDV,133.55,82
DINO,133.53,82
IMVT,133.5,82
GS,133.45,82
NDSN,133.44,82
MDGL,133.44,82
SGI,133.42,82
HASI,133.41,82
MGRT,133.3,82
BILI,133.23,82
UNCY,133.17,82
VIV,133.15,82
KNX,133.15,82
SWAG,133.13,82
TDW,133.11,82
KEY,133.08,82
CFBK,133.08,82
BKV,133.05,82
GMED,133.05,82
PLX,133.02,82
YQ,132.93,82
CASY,132.89,82
REI,132.87,82
ST,132.81,82
HXL,132.77,82
TRST,132.72,82
SAIA,132.72,82
DB,132.6,82
GVA,132.56,82
CM,132.55,82
NVS,132.53,82
TCBI,132.52,82
EBC,132.52,82
KEYS,132.49,82
GROW,132.46,82
WHD,132.45,82
CRNX,132.44,82
ENTG,132.43,82
TWN,132.41,82
RR,132.3,82
TXN,132.3,82
PCAR,132.29,82
JBLU,132.28,82
AEF,132.26,81
RCKY,132.24,81
RBC,132.22,81
HCSG,132.2,81
LXRX,132.19,81
BCG,132.15,81
HFBL,132.06,81
EMF,132.05,81
OVBC,132.04,81
USB,131.98,81
BNS,131.98,81
ILMN,131.97,81
GLBS,131.96,81
PBF,131.95,81
KW,131.89,81
BFH,131.88,81
GAP,131.85,81
CRL,131.83,81
PURR,131.79,81
FSBC,131.79,81
FITB,131.75,81
APH,131.7,81
ALDX,131.67,81
SANA,131.66,81
VSH,131.63,81
AVT,131.63,81
BOKF,131.62,81
R,131.59,81
BSRR,131.58,81
BPOP,131.56,81
LNKB,131.54,81
EVR,131.52,81
BEAM,131.5,81
AVIR,131.48,81
RTX,131.43,81
ARTV,131.4,81
NXDT,131.27,81
AES,131.27,81
GLDD,131.23,81
CEE,131.16,81
SBLK,131.16,81
TFII,131.15,81
NUS,131.12,81
LUD,131.12,81
ASRV,131.07,81
MXE,131.05,81
WMS,131.03,81
JOE,131.01,81
FVCB,131.0,81
AX,130.94,81
ESE,130.94,81
MVBF,130.89,81
ERIC,130.88,81
GIL,130.87,81
AZZ,130.86,81
SBS,130.86,81
AXIA,130.8,81
SANM,130.79,81
VAL,130.79,81
ANF,130.76,81
GNK,130.76,81
AMD,130.67,81
EME,130.66,81
AYTU,130.63,80
BANC,130.61,80
AXG,130.56,80
DLTR,130.55,80
KROS,130.54,80
CUBI,130.54,80
WBS,130.45,80
MBIN,130.4,80
NTR,130.37,80
CARE,130.37,80
ONEG,130.34,80
DCOM,130.3,80
OUST,130.29,80
MDB,130.25,80
BCO,130.23,80
PTEN,130.21,80
AVBC,130.18,80
ALCO,130.16,80
MLI,130.14,80
OLPX,130.1,80
BULLW,130.04,80
SCL,130.02,80
NAMS,129.99,80
PEBK,129.98,80
THFF,129.98,80
IMAX,129.95,80
CTS,129.92,80
MXF,129.92,80
PNC,129.9,80
SILC,129.88,80
ONC,129.82,80
PLRZ,129.81,80
PACB,129.8,80
LMT,129.76,80
SHBI,129.68,80
DXPE,129.67,80
INDB,129.67,80
CBAN,129.65,80
CVU,129.63,80
ASO,129.63,80
FBNC,129.61,80
GNL,129.6,80
LFST,129.58,80
CMPS,129.54,80
PGC,129.54,80
MGA,129.53,80
NTRS,129.5,80
LAWR,129.49,80
JBTM,129.48,80
SHC,129.37,80
AROW,129.35,80
RY,129.32,80
CVLG,129.3,80
MASS,129.3,80
CWBC,129.29,80
DAL,129.27,80
SMP,129.23,80
RF,129.23,80
PFS,129.22,80
ASND,129.21,80
NBY,129.19,80
PAC,129.19,80
ESEA,129.15,80
OBT,129.13,80
CAH,129.1,79
VALN,129.06,79
BFC,129.04,79
ABEV,129.01,79
FER,129.0,79
ATAI,128.99,79
BALL,128.95,79
MEC,128.94,79
BIXIW,128.91,79
TTC,128.88,79
OBK,128.86,79
CAC,128.85,79
MGIC,128.81,79
NOK,128.8,79
VIR,128.79,79
E,128.78,79
ADNT,128.74,79
CAMP,128.73,79
RRX,128.73,79
JRVR,128.71,79
GNT,128.71,79
TMDX,128.68,79
METC,128.67,79
GEF,128.62,79
UFCS,128.6,79
BMO,128.59,79
TMP,128.57,79
NUVL,128.56,79
PRME,128.49,79
TNK,128.48,79
SEE,128.47,79
WASH,128.47,79
INCY,128.41,79
BWXT,128.4,79
ABX,128.4,79
THO,128.39,79
HWC,128.37,79
BCAX,128.37,79
RDIB,128.32,79
SNDA,128.31,79
FISI,128.31,79
BSBR,128.3,79
MUR,128.29,79
FROG,128.27,79
PR,128.26,79
CMCO,128.26,79
FSLR,128.19,79
SIG,128.18,79
NOC,128.11,79
GXAI,128.07,79
TG,128.06,79
AUST,128.04,79
HZO,128.02,79
RL,127.94,79
EGHT,127.94,79
USGO,127.93,79
MNRO,127.92,79
VMI,127.89,79
UBS,127.87,79
FXNC,127.77,79
FIGR,127.73,79
RTO,127.7,79
BHR,127.67,79
LXU,127.66,78
CCL,127.66,78
ARL,127.66,78
FLGT,127.64,78
AVBH,127.64,78
TFC,127.58,78
CHMG,127.56,78
WSFS,127.55,78
SNDR,127.54,78
AMGN,127.52,78
INTR,127.49,78
DXR,127.48,78
GALT,127.47,78
WRBY,127.46,78
PALI,127.43,78
PCSC,127.41,78
AUB,127.41,78
CCLDO,127.4,78
QCRH,127.35,78
AMPY,127.34,78
REGN,127.28,78
CMBT,127.25,78
TAK,127.22,78
VNET,127.22,78
SYM,127.21,78
SWBI,127.18,78
FONR,127.14,78
CFFN,127.12,78
HVT,127.11,78
JBL,127.11,78
SENEA,127.1,78
DOW,127.1,78
MCHB,127.09,78
AVR,127.09,78
BWB,127.05,78
STNG,127.03,78
CWCO,127.01,78
FSTR,126.99,78
CELH,126.96,78
TEN,126.96,78
ESQ,126.94,78
FCEL,126.93,78
EXPE,126.92,78
WTFC,126.88,78
AER,126.87,78
DSWL,126.87,78
ALSN,126.86,78
SENEB,126.82,78
DLPN,126.81,78
KRNY,126.8,78
NFBK,126.8,78
NVCT,126.8,78
MTB,126.79,78
FFIC,126.78,78
SSSS,126.77,78
TIMB,126.77,78
WTS,126.77,78
MCHPP,126.72,78
ACA,126.72,78
NPO,126.71,78
BTI,126.69,78
KB,126.66,78
TNL,126.66,78
NEWT,126.62,78
MD,126.61,77
JXN,126.6,77
HKIT,126.59,77
LXFR,126.59,77
PWR,126.56,77
FIBK,126.54,77
BK,126.51,77
JKS,126.47,77
TALK,126.42,77
HRI,126.4,77
DYN,126.38,77
WTBA,126.37,77
ACHV,126.29,77
POCI,126.25,77
XERS,126.23,77
WMT,126.21,77
ANVS,126.2,77
GRDN,126.19,77
MS,126.18,77
ECG,126.16,77
OMAB,126.13,77
FERG,126.09,77
DHIL,126.09,77
RCL,126.08,77
OVLY,126.08,77
NX,126.06,77
TORO,126.02,77
SRBK,126.01,77
HCA,125.99,77
STM,125.97,77
MLKN,125.97,77
SMBK,125.96,77
BUD,125.93,77
ASH,125.87,77
BJRI,125.87,77
CTOS,125.86,77
BEN,125.85,77
AHR,125.85,77
TDS,125.83,77
PSX,125.78,77
HIFS,125.77,77
CBL,125.76,77
BENF,125.73,77
SID,125.7,77
MI,125.68,77
MBBC,125.66,77
GASS,125.63,77
NOVTU,125.61,77
CNQ,125.59,77
BWLP,125.55,77
CWEN,125.5,77
HTH,125.5,77
RRR,125.5,77
ACIU,125.49,77
NBBK,125.49,77
AEON,125.42,77
FFWM,125.41,77
RAL,125.39,77
CRC,125.37,77
STT,125.25,77
RVLV,125.2,77
FNWD,125.17,77
TTE,125.1,77
SN,125.09,76
ABCB,125.02,76
MPAA,125.01,76
UNFI,125.0,76
ROST,124.99,76
TBN,124.97,76
CASH,124.93,76
ZION,124.86,76
PKOH,124.86,76
RPRX,124.86,76
FUND,124.83,76
ADM,124.78,76
MAGN,124.78,76
FOR,124.74,76
LBRX,124.74,76
CAF,124.73,76
TS,124.63,76
UBFO,124.63,76
ELPC,124.6,76
FCFS,124.54,76
RYAAY,124.52,76
HALO,124.52,76
PLBC,124.48,76
PKX,124.47,76
AZN,124.44,76
TRGP,124.44,76
TM,124.43,76
HSAI,124.42,76
CV,124.41,76
LONA,124.37,76
MCFT,124.3,76
BEPC,124.3,76
TCBX,124.29,76
IMKTA,124.28,76
TTAM,124.26,76
WYY,124.26,76
CNX,124.25,76
KN,124.18,76
TSBK,124.17,76
VECO,124.16,76
CDNA,124.14,76
ASPCU,124.14,76
NAMMW,124.11,76
HI,124.07,76
HSY,124.07,76
GEOS,124.06,76
FHN,124.06,76
IBKR,124.05,76
ZWS,124.0,76
DZZ,123.97,76
MNSB,123.97,76
KOF,123.97,76
ACAD,123.92,76
NU,123.9,76
BVFL,123.9,76
CACI,123.84,76
SWK,123.83,76
ALTI,123.82,76
EAT,123.8,76
NIC,123.78,76
ODC,123.78,76
FNB,123.78,76
CLBK,123.75,76
FVR,123.74,76
SBC,123.69,75
NGG,123.69,75
DKL,123.66,75
HWM,123.65,75
UBSI,123.61,75
HST,123.6,75
WSBK,123.6,75
FULT,123.58,75
MXC,123.58,75
JOF,123.58,75
TK,123.57,75
HLX,123.56,75
MRVI,123.56,75
BRC,123.55,75
GBCI,123.52,75
ADAM,123.51,75
ASPC,123.49,75
GLPG,123.48,75
ALRS,123.46,75
ILPT,123.43,75
BOF,123.41,75
NVST,123.35,75
GGN,123.35,75
JOYY,123.34,75
CRUS,123.32,75
RUSHB,123.3,75
GE,123.26,75
FFBC,123.22,75
AMTB,123.22,75
ACT,123.22,75
SXI,123.21,75
BY,123.21,75
OPLN,123.18,75
SBCF,123.17,75
EMR,123.15,75
TDY,123.14,75
RNGR,123.11,75
ALEX,123.1,75
GDOT,123.09,75
ENIC,123.03,75
CMT,123.02,75
NWFL,122.98,75
AME,122.97,75
EGAN,122.96,75
UPS,122.92,75
ACNB,122.9,75
PAGS,122.9,75
OLN,122.87,75
MMS,122.86,75
ARCO,122.86,75
ARTW,122.83,75
TTEK,122.83,75
UAL,122.81,75
PLUS,122.8,75
WLK,122.79,75
BBUC,122.77,75
PPG,122.75,75
LIXT,122.73,75
GSM,122.7,75
PBR,122.69,75
TCBK,122.69,75
METCB,122.69,75
FLG,122.68,74
PDLB,122.68,74
DIOD,122.68,74
MSB,122.67,74
MICC,122.65,74
XHR,122.64,74
VTOL,122.63,74
CPIX,122.62,74
SMJF,122.62,74
IR,122.61,74
RS,122.6,74
MTX,122.57,74
MEI,122.53,74
AQN,122.52,74
ESI,122.51,74
TCX,122.51,74
MRM,122.5,74
EDU,122.48,74
PBFS,122.48,74
BFST,122.47,74
UA,122.44,74
SPAI,122.37,74
NEE,122.35,74
TRMD,122.34,74
CTBI,122.31,74
CZNC,122.26,74
MBWM,122.22,74
CSCO,122.21,74
NTB,122.2,74
GEVO,122.2,74
CCNE,122.18,74
VVX,122.16,74
COLB,122.15,74
UMBF,122.13,74
STRW,122.12,74
DOV,122.08,74
NTLA,122.06,74
JWEL,122.05,74
CRON,122.03,74
MXL,122.03,74
JLL,121.99,74
SUPX,121.96,74
BRKRP,121.89,74
BITF,121.89,74
RILYK,121.88,74
GATX,121.86,74
SRTA,121.84,74
CYRX,121.79,74
SCOR,121.79,74
GXO,121.78,74
FLEX,121.74,74
UNTY,121.72,74
DRH,121.69,74
NTRA,121.68,74
HBAN,121.65,74
GEL,121.64,74
SNCR,121.6,74
SONO,121.56,74
F,121.56,74
LSBK,121.55,74
FBK,121.55,74
AAME,121.54,74
UVE,121.54,74
GRBK,121.53,74
WAB,121.5,74
GHRS,121.45,73
JBSS,121.44,73
TKO,121.42,73
BYFC,121.42,73
ARW,121.42,73
HLT,121.4,73
SOPA,121.39,73
FGBI,121.37,73
NXST,121.37,73
CVX,121.37,73
ELMD,121.35,73
RBKB,121.32,73
EA,121.31,73
CZWI,121.29,73
EWBC,121.29,73
CBFV,121.26,73
PFG,121.24,73
CCK,121.18,73
ITRN,121.16,73
HOPE,121.12,73
BABA,121.11,73
PNRG,121.1,73
HGTY,121.09,73
VRA,121.05,73
TOL,121.04,73
COSO,121.04,73
RBB,121.02,73
WWR,121.0,73
WNC,120.95,73
NHPBP,120.91,73
FUSB,120.88,73
GPC,120.87,73
BLX,120.85,73
ONB,120.8,73
BA,120.78,73
FBGL,120.77,73
CTKB,120.77,73
GWW,120.75,73
HLMN,120.74,73
CCCXU,120.73,73
RNR,120.72,73
CTRA,120.68,73
ALMU,120.68,73
LZM,120.64,73
CRI,120.63,73
RMT,120.6,73
MITT,120.58,73
FMBH,120.56,73
CPF,120.55,73
MIDD,120.54,73
HBT,120.54,73
GGZ,120.53,73
EDRY,120.53,73
PROF,120.52,73
URBN,120.52,73
GRCE,120.51,73
OVV,120.5,73
MPB,120.5,73
XNET,120.5,73
WSBC,120.5,73
MAR,120.48,73
GKOS,120.44,72
TLPH,120.44,72
CDZI,120.44,72
UCB,120.42,72
DOLE,120.41,72
NHPAP,120.41,72
IBEX,120.39,72
UGI,120.37,72
MNKD,120.37,72
CLST,120.36,72
TRP,120.32,72
FCCO,120.3,72
OFLX,120.27,72
KMTS,120.25,72
TECH,120.21,72
MAT,120.21,72
IEX,120.21,72
PRLB,120.21,72
DTM,120.21,72
BLDP,120.2,72
BP,120.17,72
IRIX,120.14,72
LGCY,120.09,72
AAP,120.06,72
APPS,120.04,72
ARGX,120.01,72
BMY,119.98,72
FRAF,119.96,72
ALLT,119.85,72
BOOT,119.85,72
HBCP,119.84,72
LDI,119.81,72
NWE,119.79,72
GRVY,119.78,72
SPFI,119.77,72
UVSP,119.75,72
WDH,119.69,72
IPI,119.65,72
FORTY,119.65,72
QS,119.64,72
SMBC,119.64,72
III,119.62,72
GTES,119.61,72
CZFS,119.6,72
ZTO,119.6,72
AROC,119.56,72
ORRF,119.55,72
EVTV,119.54,72
GNRC,119.54,72
BAK,119.53,72
KMDA,119.52,72
FMST,119.52,72
FLXS,119.52,72
PROK,119.46,72
IDCC,119.44,72
KOPN,119.41,72
HWBK,119.39,72
LQDT,119.36,72
NAII,119.35,72
LSTR,119.33,72
IONR,119.29,72
TSN,119.27,72
CDLR,119.27,72
CFFI,119.25,72
USFD,119.24,72
ALCYU,119.24,72
CSX,119.23,71
PKG,119.23,71
BKH,119.23,71
FRD,119.22,71
PINE,119.22,71
ATEX,119.21,71
CIA,119.2,71
PEO,119.2,71
TRMK,119.19,71
APTV,119.19,71
FUNC,119.19,71
SON,119.17,71
PPSI,119.15,71
LIDR,119.15,71
GOOS,119.12,71
TXT,119.11,71
FOXA,119.11,71
FLOC,119.1,71
ACTG,119.08,71
PFIS,119.07,71
AGNC,119.04,71
TDC,119.01,71
HQL,118.99,71
SNX,118.98,71
NTCT,118.95,71
FBIZ,118.93,71
ALT,118.92,71
BHB,118.91,71
NRIM,118.89,71
PM,118.87,71
MYFW,118.86,71
PTHS,118.85,71
MPC,118.84,71
MFC,118.82,71
BBT,118.81,71
CSGS,118.81,71
VNCE,118.8,71
KFS,118.79,71
IHD,118.78,71
TRS,118.77,71
CATY,118.76,71
CAKE,118.75,71
ROAD,118.74,71
DJP,118.72,71
PEP,118.71,71
RGT,118.69,71
GLU,118.69,71
YUMC,118.68,71
ASB,118.68,71
FEBO,118.66,71
DE,118.61,71
CVEO,118.61,71
ACV,118.6,71
VIST,118.56,71
NYT,118.56,71
COKE,118.55,71
ALV,118.55,71
AVO,118.53,71
WAL,118.5,71
AAPL,118.5,71
CMCM,118.45,71
PHM,118.45,71
SF,118.43,71
LCNB,118.41,70
ACRE,118.41,70
STNE,118.4,70
FAST,118.39,70
CLPS,118.27,70
ACLS,118.26,70
ASR,118.26,70
CRH,118.23,70
H,118.23,70
DOUG,118.2,70
EXEEW,118.19,70
ASGI,118.17,70
PSHG,118.14,70
INR,118.1,70
DERM,118.1,70
GIC,118.07,70
ZKH,118.06,70
SWKH,118.04,70
JMG,118.04,70
TPCS,118.04,70
JLHL,118.04,70
SPXC,118.02,70
COP,118.01,70
GHC,117.96,70
KZR,117.92,70
IHG,117.9,70
OSBC,117.89,70
GFR,117.88,70
UAA,117.88,70
CVR,117.88,70
LUMN,117.86,70
ALAB,117.85,70
RCI,117.85,70
GT,117.84,70
FANG,117.83,70
ORIC,117.82,70
EVI,117.81,70
FCF,117.8,70
IDE,117.75,70
VINP,117.73,70
PMN,117.72,70
UNF,117.7,70
CDRE,117.7,70
CIVB,117.7,70
HUBB,117.69,70
EQBK,117.69,70
MGY,117.66,70
PLD,117.6,70
WDS,117.58,70
CB,117.57,70
PC,117.56,70
INTT,117.56,70
HTB,117.51,70
L,117.5,70
BHF,117.49,70
AL,117.46,70
OKLO,117.45,70
AOS,117.43,70
WTTR,117.35,70
STK,117.34,70
AGCO,117.32,70
RBA,117.3,70
INVA,117.29,70
FUL,117.28,70
NSC,117.27,69
GROV,117.26,69
MPTI,117.24,69
NPB,117.22,69
CLH,117.21,69
EDD,117.19,69
GD,117.16,69
ONCY,117.15,69
KEX,117.14,69
BIPC,117.06,69
MIR,117.05,69
TFIN,117.01,69
QGEN,116.99,69
HNI,116.97,69
OPCH,116.94,69
ALX,116.9,69
IBCP,116.9,69
BLCO,116.87,69
GFF,116.87,69
AMX,116.86,69
AVNW,116.85,69
STBA,116.85,69
EFSI,116.85,69
LARK,116.84,69
HON,116.83,69
SITE,116.8,69
RLGT,116.8,69
LAND,116.79,69
KRUS,116.78,69
BHRB,116.77,69
BOOM,116.77,69
HFWA,116.73,69
MPX,116.73,69
FTV,116.7,69
TARS,116.69,69
TEI,116.64,69
NATL,116.6,69
GBX,116.6,69
BAC,116.59,69
CAE,116.56,69
MBCN,116.55,69
EXEL,116.53,69
DAC,116.53,69
GIII,116.53,69
BPRN,116.5,69
FDSB,116.47,69
FSEA,116.47,69
BCV,116.45,69
FOX,116.43,69
VMD,116.43,69
CEPU,116.42,69
DTST,116.4,69
ALLY,116.39,69
LFCR,116.38,69
EIX,116.37,69
MRTN,116.36,69
AKAM,116.36,69
ITW,116.36,69
FNWB,116.34,69
AS,116.32,69
HBNC,116.31,69
TSAT,116.31,69
CTRE,116.28,69
IAE,116.26,68
BUSE,116.25,68
FNLC,116.25,68
SCHW,116.24,68
WMB,116.21,68
GFS,116.21,68
LXP,116.16,68
KODK,116.16,68
JHG,116.15,68
RNST,116.14,68
KGS,116.13,68
MHK,116.12,68
CTVA,116.11,68
SBSI,116.07,68
JBS,116.07,68
MIAX,116.05,68
BEP,116.04,68
SMHI,116.02,68
FMX,116.02,68
IMXI,116.02,68
RGNX,115.97,68
BDL,115.94,68
BCE,115.92,68
DHT,115.89,68
TEL,115.88,68
JOB,115.88,68
CG,115.82,68
BCAL,115.81,68
LAZ,115.79,68
LOW,115.75,68
XFOR,115.74,68
TOI,115.74,68
XPL,115.71,68
BTO,115.71,68
CWK,115.69,68
AIT,115.68,68
FHI,115.68,68
CNOB,115.67,68
COLAU,115.63,68
EU,115.63,68
PELIU,115.59,68
WFC,115.55,68
LAES,115.54,68
MEG,115.52,68
SSB,115.5,68
HQI,115.47,68
TPTA,115.47,68
MLM,115.46,68
POR,115.46,68
STE,115.45,68
PRA,115.44,68
MRX,115.44,68
VYNE,115.42,68
IVR,115.39,68
NRP,115.38,68
CABR,115.37,68
ECBK,115.31,68
XP,115.31,68
PEB,115.31,68
MSA,115.29,68
CVV,115.25,68
TJX,115.22,68
VEL,115.2,68
MDU,115.2,68
GLIBK,115.19,67
PEBO,115.19,67
FSUN,115.18,67
CNR,115.18,67
NAMM,115.16,67
LILAK,115.11,67
LILA,115.1,67
AIZ,115.1,67
BLBD,115.07,67
CRWV,115.06,67
SNA,115.03,67
SOHU,115.02,67
AAL,115.02,67
NECB,115.02,67
CE,114.99,67
SYY,114.99,67
CORZ,114.99,67
UFPI,114.98,67
MDT,114.98,67
BMRC,114.98,67
JCAP,114.97,67
AORT,114.95,67
THS,114.95,67
CBRE,114.94,67
VZ,114.94,67
RM,114.92,67
ALKS,114.92,67
CDRO,114.86,67
FUTU,114.83,67
HGV,114.83,67
BKHAU,114.81,67
LVS,114.8,67
FMAO,114.78,67
PAGP,114.75,67
WSM,114.7,67
OPHC,114.65,67
OCFC,114.63,67
GLQ,114.56,67
SPB,114.56,67
BOH,114.55,67
GF,114.54,67
NVDA,114.53,67
ALLE,114.52,67
HURN,114.5,67
SRCE,114.49,67
PAA,114.48,67
SSD,114.46,67
VEON,114.41,67
GLIBA,114.4,67
CBOE,114.38,67
SVV,114.36,67
CBU,114.36,67
ACU,114.35,67
SIM,114.33,67
GDEN,114.3,67
RIVN,114.29,67
FIHL,114.27,67
UNIT,114.25,67
RDGT,114.22,67
FBP,114.2,67
UAN,114.19,67
MEGL,114.18,67
CL,114.18,67
CPBI,114.13,66
TDF,114.13,66
SFIX,114.12,66
ESCA,114.11,66
USCB,114.08,66
SPNT,114.06,66
AMPG,114.05,66
CWAN,114.05,66
ICG,114.03,66
PNTG,114.03,66
GRFS,114.0,66
AMPH,114.0,66
EPD,113.98,66
MBUU,113.97,66
AVNT,113.97,66
MATW,113.95,66
AVGO,113.92,66
BDSX,113.91,66
HEI,113.88,66
ETG,113.87,66
FOXX,113.83,66
OBIO,113.83,66
COLM,113.82,66
FDP,113.79,66
ECF,113.79,66
WSR,113.77,66
GNW,113.77,66
WYNN,113.76,66
AVNS,113.74,66
MHO,113.74,66
JMSB,113.73,66
MSM,113.73,66
NXPI,113.72,66
SYF,113.7,66
ALK,113.69,66
WAFD,113.68,66
CASS,113.67,66
PCB,113.66,66
HAFC,113.65,66
VTR,113.64,66
TGT,113.6,66
FBLA,113.59,66
KO,113.57,66
WELL,113.56,66
DUOT,113.54,66
GBIO,113.53,66
EMN,113.51,66
ARI,113.51,66
AGD,113.51,66
RVT,113.5,66
AIRT,113.46,66
CPRX,113.42,66
FOF,113.4,66
NVGS,113.4,66
MNPR,113.39,66
SFBS,113.38,66
HIG,113.33,66
OMF,113.32,66
COEP,113.28,66
BGR,113.26,66
ITT,113.23,66
PBA,113.21,66
CRBU,113.21,66
WAFU,113.21,66
SPG,113.19,65
LYTS,113.19,65
MESO,113.18,65
SOHOO,113.17,65
CRK,113.15,65
PIPR,113.14,65
FCNCA,113.13,65
MIST,113.11,65
RSI,113.11,65
CINF,113.1,65
BRSP,113.06,65
AMP,113.05,65
AN,113.05,65
HPE,113.05,65
KLXE,113.03,65
AMRN,113.02,65
CFR,113.01,65
BIP,113.01,65
KMI,112.96,65
SKY,112.95,65
PDFS,112.93,65
LC,112.92,65
HQH,112.91,65
WDFC,112.9,65
AARD,112.89,65
BDX,112.88,65
EMA,112.86,65
ATGL,112.81,65
VCTR,112.81,65
LUCD,112.8,65
BPRE,112.79,65
CCS,112.79,65
MCK,112.79,65
KT,112.78,65
WETH,112.75,65
AFRI,112.72,65
NVAX,112.71,65
BURL,112.67,65
EPR,112.65,65
ROL,112.62,65
GDV,112.61,65
DHI,112.61,65
RIOT,112.59,65
GABC,112.57,65
BNL,112.57,65
TLK,112.56,65
HRMY,112.56,65
TWO,112.55,65
FR,112.55,65
ZM,112.52,65
RELL,112.51,65
NTST,112.51,65
SOBO,112.5,65
ZDGE,112.49,65
KDK,112.48,65
AMCX,112.46,65
CCBG,112.45,65
AXTA,112.45,65
MO,112.43,65
SCSC,112.43,65
HLN,112.43,65
TMO,112.42,65
SHEL,112.41,65
ITIC,112.39,64
EBF,112.39,64
SUPN,112.38,64
ARHS,112.37,64
ADTN,112.37,64
THC,112.36,64
HYPR,112.35,64
BDC,112.35,64
ALTG,112.34,64
ICUI,112.34,64
WPC,112.32,64
YOU,112.29,64
MGM,112.28,64
POLEU,112.26,64
CAPNU,112.24,64
NNI,112.24,64
CRESY,112.23,64
DQ,112.19,64
WTM,112.19,64
CSL,112.18,64
SOR,112.16,64
NJR,112.15,64
TBLD,112.15,64
NBHC,112.14,64
TSLA,112.13,64
IIIN,112.12,64
FTS,112.12,64
GCV,112.11,64
BRBS,112.11,64
MGLD,112.09,64
SFNC,112.09,64
IRS,112.08,64
ONIT,112.04,64
USEA,112.0,64
DGICB,112.0,64
NLY,111.99,64
HYLN,111.98,64
ECL,111.97,64
JPM,111.96,64
AIRTP,111.95,64
AXIL,111.95,64
OXY,111.94,64
NCSM,111.93,64
FBIN,111.91,64
EOD,111.9,64
VRME,111.87,64
PWP,111.85,64
WHG,111.83,64
MGYR,111.83,64
EFOI,111.81,64
FELE,111.79,64
GEHC,111.75,64
OTTR,111.74,64
OGI,111.7,64
PDM,111.68,64
YPF,111.67,64
GL,111.67,64
CVS,111.66,64
CHCT,111.65,64
GSBC,111.61,64
AOD,111.59,64
LGI,111.58,64
O,111.57,64
PGP,111.57,64
FSLY,111.56,63
FRBA,111.56,63
WFG,111.55,63
CHW,111.54,63
SBUX,111.49,63
HOLX,111.49,63
ETO,111.45,63
VTMX,111.42,63
MAC,111.36,63
AXS,111.35,63
UNP,111.32,63
GPRK,111.31,63
MANU,111.29,63
TKC,111.28,63
LPG,111.28,63
BZH,111.27,63
IBOC,111.26,63
WHR,111.26,63
AXP,111.26,63
WHLRD,111.26,63
ATS,111.24,63
GLRE,111.23,63
AWI,111.23,63
CBT,111.23,63
NHI,111.22,63
ACGL,111.22,63
UFPT,111.2,63
CVGI,111.19,63
AVY,111.19,63
MC,111.18,63
VLGEA,111.18,63
SIGI,111.16,63
CGNX,111.14,63
API,111.13,63
TR,111.12,63
CON,111.12,63
AEG,111.11,63
CBK,111.09,63
GGG,111.08,63
SMG,111.07,63
YUM,111.06,63
NN,111.05,63
CLRO,111.04,63
PACK,111.04,63
IDXX,111.01,63
EGG,111.01,63
HNRG,111.01,63
EQNR,111.0,63
FDBC,111.0,63
HHH,111.0,63
KVHI,110.99,63
PHG,110.97,63
VMC,110.96,63
VABK,110.95,63
ESAB,110.93,63
WAT,110.93,63
BCML,110.92,63
TEO,110.9,63
TRV,110.87,63
NWN,110.86,63
AUBN,110.85,63
BUI,110.84,63
FRME,110.81,62
STHO,110.81,62
ASC,110.8,62
NMRK,110.78,62
DLO,110.76,62
CRGY,110.73,62
BME,110.72,62
PRG,110.72,62
BXC,110.71,62
NWBI,110.7,62
BSVN,110.69,62
CLDX,110.69,62
UPWK,110.67,62
SCCF,110.63,62
EBAY,110.63,62
UI,110.62,62
AHL,110.62,62
PFE,110.58,62
FCBC,110.55,62
TFSL,110.53,62
KAI,110.53,62
PRK,110.53,62
ALG,110.51,62
TRNO,110.5,62
COR,110.49,62
AMCR,110.49,62
CSWC,110.48,62
NCA,110.46,62
RBCAA,110.45,62
DRI,110.44,62
TBLA,110.44,62
UCIB,110.4,62
MLACU,110.39,62
GPOR,110.38,62
RLYB,110.38,62
FHB,110.34,62
AFBI,110.34,62
MPT,110.31,62
CCU,110.3,62
SCCE,110.27,62
LDOS,110.27,62
CDP,110.26,62
WEYS,110.26,62
GLO,110.25,62
VCYT,110.23,62
SNTG,110.21,62
AMUB,110.13,62
BCPC,110.12,62
DECK,110.11,62
XENE,110.1,62
ZGN,110.1,62
TOON,110.07,62
CME,110.06,62
HOVNP,110.03,62
IDA,110.02,62
SOHOB,110.02,62
STEM,109.99,62
LH,109.99,62
ROKU,109.98,62
PXS,109.93,62
PBI,109.92,62
THW,109.91,62
CTLP,109.91,62
KYN,109.9,61
BSM,109.9,61
MARPS,109.9,61
BDJ,109.9,61
ASRT,109.81,61
BMA,109.78,61
LAD,109.76,61
TECX,109.75,61
BYD,109.74,61
UVV,109.73,61
SPKLU,109.73,61
CCEP,109.72,61
ATMP,109.71,61
LNC,109.71,61
AMRZ,109.7,61
INDI,109.7,61
DPG,109.68,61
FPI,109.68,61
MDLN,109.68,61
QTRX,109.67,61
NCZ,109.66,61
ONMD,109.65,61
EEA,109.65,61
HAE,109.65,61
SNN,109.63,61
NCEW,109.62,61
PCT,109.61,61
AVA,109.61,61
GTLS,109.6,61
VTN,109.58,61
NML,109.56,61
PK,109.56,61
SOLV,109.56,61
TOWN,109.55,61
EMD,109.55,61
SBFG,109.53,61
KPTI,109.51,61
WINA,109.5,61
IZEA,109.5,61
BNT,109.47,61
DX,109.47,61
LYB,109.47,61
MWA,109.46,61
VRTX,109.46,61
FENC,109.46,61
BN,109.43,61
KOP,109.43,61
STAG,109.42,61
NCV,109.39,61
CRNC,109.39,61
AVD,109.38,61
CGEN,109.37,61
MTH,109.33,61
MOLN,109.33,61
CIG,109.32,61
PI,109.32,61
USAC,109.31,61
ENSG,109.31,61
GRO,109.3,61
RVTY,109.3,61
GLV,109.29,61
IROQ,109.27,61
ENB,109.27,61
EXG,109.25,61
PVL,109.23,61
SRTS,109.21,60
IVT,109.19,60
IQV,109.18,60
KRG,109.14,60
UBCP,109.12,60
CAAS,109.11,60
CF,109.1,60
NNDM,109.1,60
EVT,109.08,60
DGX,109.05,60
CHD,109.04,60
CACC,109.0,60
NVR,108.99,60
EPAM,108.97,60
LAW,108.96,60
GRF,108.88,60
EEX,108.87,60
COF,108.86,60
IGIC,108.82,60
BGSI,108.82,60
SARO,108.82,60
ANIP,108.81,60
OPBK,108.81,60
ESHA,108.81,60
MNOV,108.8,60
TPH,108.78,60
MRP,108.78,60
AHG,108.78,60
MTD,108.77,60
BCARU,108.77,60
EFSC,108.76,60
XIFR,108.74,60
MCBS,108.73,60
BALY,108.73,60
PLBY,108.73,60
NRC,108.72,60
CVBF,108.7,60
SW,108.66,60
TXNM,108.62,60
NBTB,108.61,60
MPLX,108.55,60
SGU,108.55,60
POET,108.55,60
AM,108.54,60
CNO,108.53,60
ETR,108.49,60
APT,108.48,60
STZ,108.45,60
CRSP,108.43,60
ATAT,108.42,60
ABBV,108.41,60
CNP,108.41,60
D,108.38,60
CSR,108.34,60
SFD,108.34,60
MITK,108.33,60
FNKO,108.32,60
RES,108.31,60
CUBB,108.29,60
LGIH,108.28,60
UTMD,108.25,60
GTY,108.25,60
OZK,108.24,60
DAVE,108.24,60
KARO,108.23,59
MCRB,108.22,59
DHCNI,108.22,59
AVBP,108.18,59
CP,108.16,59
OKE,108.16,59
SLF,108.15,59
INSE,108.15,59
FSBW,108.09,59
WOR,108.08,59
OHI,108.06,59
NOVT,108.06,59
RJF,108.05,59
NI,108.05,59
NEU,108.03,59
DNOW,108.02,59
BCC,108.02,59
URI,108.02,59
MLAB,108.02,59
SMC,108.01,59
TRIN,108.01,59
SCCD,108.01,59
EGP,108.0,59
MAS,108.0,59
MTDR,107.98,59
CET,107.96,59
TT,107.94,59
MLPB,107.91,59
CDNL,107.91,59
TXRH,107.9,59
AEP,107.89,59
AVAV,107.87,59
PGY,107.87,59
MUSA,107.86,59
ATRC,107.86,59
ESNT,107.86,59
MMM,107.85,59
TCBS,107.84,59
HAFN,107.82,59
LEVI,107.81,59
STEP,107.81,59
DAIO,107.8,59
WU,107.8,59
HFRO,107.78,59
RGCO,107.75,59
NFJ,107.73,59
OSIS,107.71,59
MUJ,107.69,59
NMAI,107.69,59
COO,107.68,59
CBNK,107.68,59
VNT,107.68,59
BXMT,107.67,59
SEM,107.64,59
WES,107.56,59
ADX,107.54,59
ED,107.53,59
EVRG,107.51,59
SUNC,107.5,59
BAYA,107.5,59
SCVL,107.48,59
TMHC,107.47,59
TRN,107.46,59
REXR,107.45,58
VNOM,107.45,58
MGRC,107.45,58
BAYAU,107.44,58
RLX,107.44,58
CCCX,107.42,58
ICCC,107.4,58
REPX,107.38,58
LIN,107.37,58
PGNY,107.35,58
SOFI,107.34,58
SAFT,107.33,58
PAX,107.32,58
GRN,107.31,58
PECO,107.31,58
CGO,107.3,58
ATKR,107.27,58
EIG,107.23,58
NCLH,107.22,58
AB,107.21,58
LBTYA,107.2,58
PHI,107.19,58
ETW,107.19,58
PRSU,107.15,58
SVACU,107.12,58
HAYW,107.11,58
IAF,107.1,58
DGICA,107.1,58
BWMN,107.1,58
MCD,107.09,58
DHR,107.09,58
CHCO,107.08,58
BGY,107.07,58
TRTX,107.07,58
LPLA,107.07,58
MFIN,107.07,58
MGTX,107.06,58
SCCG,107.03,58
THQ,107.02,58
SUN,106.99,58
MLP,106.92,58
HOMB,106.9,58
OTGAW,106.9,58
IFF,106.9,58
WY,106.8,58
ATO,106.75,58
MKL,106.73,58
ETN,106.72,58
AFL,106.72,58
UE,106.71,58
RLJ,106.68,58
LAFAR,106.67,58
DSGR,106.67,58
BRX,106.67,58
ORI,106.64,58
CLDT,106.64,58
NREF,106.62,58
JKHY,106.62,58
NRG,106.61,58
BIO,106.6,58
BRKR,106.59,58
WABC,106.58,58
GAM,106.57,58
INFU,106.55,57
CLAR,106.55,57
OS,106.54,57
RGEN,106.52,57
NTIC,106.52,57
GAB,106.51,57
NOAH,106.48,57
GMRE,106.46,57
DEA,106.44,57
SAM,106.44,57
UHT,106.42,57
LNN,106.42,57
IBM,106.41,57
HEQ,106.41,57
FRT,106.41,57
PNFP,106.37,57
BKE,106.37,57
VSTS,106.34,57
XBP,106.34,57
EMO,106.34,57
CNA,106.32,57
ALISU,106.32,57
FE,106.3,57
SGMT,106.3,57
CVGW,106.29,57
WTW,106.28,57
SR,106.25,57
ACCO,106.25,57
CRDO,106.24,57
SXC,106.21,57
EVAX,106.21,57
IAC,106.21,57
LEO,106.21,57
STEW,106.2,57
EXEEL,106.15,57
T,106.14,57
HSIC,106.14,57
LAMR,106.14,57
DMB,106.13,57
USLM,106.11,57
ACEL,106.1,57
PLAY,106.08,57
NMIH,106.05,57
CLMB,106.02,57
NXG,106.01,57
BVS,106.01,57
MIY,106.0,57
BMN,105.97,57
CMCSA,105.95,57
UHS,105.95,57
SFL,105.94,57
APD,105.94,57
FVNNU,105.93,57
SLNG,105.93,57
ET,105.9,57
MSBIP,105.85,57
GME,105.84,57
PROV,105.82,57
BXMX,105.81,57
MCRI,105.79,57
SKIN,105.79,57
CURB,105.78,57
ASLE,105.78,57
EURK,105.77,57
YALA,105.75,56
ECCC,105.74,56
DSM,105.7,56
BBOT,105.66,56
CII,105.66,56
SLGN,105.62,56
NMTC,105.62,56
FFA,105.62,56
SHW,105.62,56
RDNT,105.6,56
CSQ,105.59,56
TGS,105.58,56
BSBK,105.55,56
HTO,105.55,56
ADAML,105.55,56
DVA,105.54,56
AOUT,105.53,56
LZB,105.52,56
DAO,105.51,56
SCI,105.5,56
FIP,105.5,56
FLR,105.49,56
ARR,105.49,56
GCO,105.47,56
SWX,105.47,56
CAPL,105.43,56
LOKVU,105.36,56
NEOV,105.36,56
ELS,105.35,56
PB,105.35,56
SMHB,105.34,56
VC,105.32,56
DIAX,105.3,56
CAL,105.28,56
AEXA,105.25,56
OGS,105.23,56
KURA,105.21,56
OIA,105.21,56
KRO,105.2,56
CHRD,105.18,56
STRRP,105.16,56
OAKUR,105.15,56
SPH,105.15,56
CLWT,105.14,56
MAIN,105.14,56
FSS,105.12,56
WKC,105.12,56
IINNW,105.1,56
LTH,105.09,56
RMD,105.08,56
RGA,105.07,56
UTF,105.07,56
APLS,105.05,56
CNOBP,105.05,56
SJT,105.04,56
MEGI,105.04,56
NFG,105.02,56
VIPS,105.01,56
BEKE,105.0,56
NIM,105.0,56
JEF,105.0,56
RMBI,104.99,56
VIVS,104.98,56
CNC,104.96,55
PFD,104.96,55
DTSQU,104.93,55
PAMT,104.93,55
BOE,104.92,55
ATIIU,104.9,55
MGNX,104.89,55
IP,104.88,55
QSR,104.87,55
TNC,104.87,55
JSM,104.85,55
NVG,104.85,55
TAP,104.85,55
CR,104.85,55
VERI,104.83,55
FGMCU,104.83,55
VOYA,104.81,55
LGL,104.8,55
NSTS,104.79,55
CENTA,104.78,55
ALGN,104.78,55
LNT,104.78,55
ETB,104.77,55
RCG,104.77,55
FAF,104.76,55
ZTR,104.76,55
QETA,104.73,55
AEE,104.73,55
BFS,104.72,55
NOEMU,104.72,55
LAB,104.71,55
TNDM,104.7,55
CGCTU,104.69,55
XNCR,104.69,55
GCBC,104.69,55
TGNA,104.68,55
WEC,104.67,55
MBNKO,104.67,55
GERN,104.66,55
NWL,104.66,55
XELB,104.65,55
BLUWU,104.64,55
CCEC,104.63,55
TAL,104.63,55
ANET,104.62,55
LBTYK,104.59,55
NHICU,104.59,55
WMK,104.58,55
AIZN,104.57,55
PMO,104.57,55
REG,104.57,55
BLK,104.54,55
QDEL,104.54,55
NNN,104.52,55
ETV,104.52,55
INGM,104.51,55
TLSIW,104.51,55
VHI,104.51,55
GSRFU,104.5,55
CNM,104.47,55
TVE,104.46,55
HNVR,104.46,55
AMN,104.46,55
ALL,104.45,55
BPYPP,104.44,54
ECCW,104.43,54
RNGTW,104.43,54
LYFT,104.43,54
WM,104.42,54
CEPT,104.42,54
HOUR,104.4,54
ES,104.4,54
BSET,104.38,54
RADX,104.37,54
MKTW,104.37,54
JACK,104.35,54
MBI,104.34,54
EVCM,104.34,54
PCYO,104.32,54
CHY,104.3,54
MBINL,104.29,54
PFO,104.28,54
ZDAI,104.25,54
LKQ,104.25,54
MUA,104.25,54
CXDO,104.24,54
KDKRW,104.23,54
IOSP,104.23,54
OKYO,104.23,54
HMC,104.22,54
PDEX,104.21,54
DLHC,104.21,54
CEV,104.21,54
STN,104.2,54
POWW,104.2,54
FLC,104.2,54
SVAC,104.19,54
CTO,104.18,54
MNY,104.18,54
GNTX,104.16,54
WING,104.15,54
FT,104.15,54
VIASP,104.15,54
EOT,104.14,54
ZETA,104.14,54
CAR,104.13,54
TLSI,104.11,54
LPAAU,104.1,54
PNW,104.08,54
LTBR,104.08,54
CPRI,104.07,54
UTG,104.06,54
PMM,104.05,54
CBC,104.03,54
CHEF,104.03,54
GUT,104.03,54
GTN,104.02,54
ATII,104.01,54
THG,103.98,54
TBMC,103.97,54
MDV,103.97,54
LTC,103.96,54
JYNT,103.93,54
QUAD,103.93,54
DMAAU,103.92,54
PRTC,103.91,54
AIRG,103.91,54
DAAQU,103.9,54
ULBI,103.89,53
NDAQ,103.87,53
ORC,103.87,53
TCRT,103.86,53
CTBB,103.86,53
BAOS,103.86,53
LSAK,103.85,53
WLAC,103.85,53
CNH,103.82,53
VPV,103.77,53
CAPN,103.77,53
MMU,103.75,53
DMA,103.75,53
KVAC,103.74,53
WATT,103.72,53
HSPT,103.71,53
SINT,103.71,53
RDWR,103.71,53
ECCV,103.7,53
LKFN,103.7,53
FLNG,103.7,53
SOTK,103.67,53
AACBU,103.67,53
BKHA,103.67,53
UL,103.66,53
DNP,103.66,53
LND,103.64,53
POWWP,103.64,53
BTT,103.64,53
BSTZ,103.62,53
SBRA,103.62,53
ATLCP,103.61,53
NODK,103.61,53
MPV,103.6,53
CQP,103.58,53
DFP,103.58,53
NUV,103.58,53
SPIR,103.57,53
FERAU,103.57,53
COLA,103.56,53
ANGO,103.54,53
RDY,103.54,53
WLKP,103.53,53
CWST,103.52,53
ANSC,103.52,53
NUW,103.5,53
INKT,103.49,53
DRVN,103.48,53
IGA,103.48,53
ALDFU,103.47,53
MFA,103.47,53
FACTU,103.45,53
DTSQ,103.44,53
NIE,103.43,53
TVA,103.41,53
BLUW,103.39,53
NQP,103.39,53
CHECU,103.39,53
TCBIO,103.38,53
HTD,103.37,53
CXE,103.37,53
FFC,103.37,53
TYG,103.37,53
BIPJ,103.36,52
AKR,103.35,52
UMBFO,103.35,52
ABUS,103.32,52
DXYZ,103.31,52
BACCU,103.3,52
IRTC,103.28,52
LOCO,103.28,52
GDL,103.28,52
MVT,103.27,52
HAO,103.27,52
A,103.26,52
NKX,103.26,52
GEGGL,103.26,52
NATH,103.24,52
MBINM,103.23,52
QRHC,103.19,52
EQT,103.19,52
CADL,103.19,52
MMD,103.18,52
JCE,103.18,52
SRE,103.18,52
RIV,103.18,52
VFL,103.17,52
SNSE,103.17,52
BBAR,103.16,52
VGM,103.15,52
BMEZ,103.14,52
CKX,103.14,52
ADAMZ,103.13,52
COFS,103.13,52
RIBB,103.11,52
IPCXU,103.1,52
CXH,103.08,52
NXJ,103.08,52
AGRO,103.08,52
SEIC,103.07,52
BKN,103.07,52
FSHP,103.04,52
NOM,103.04,52
AVK,103.03,52
EDIT,103.03,52
EFSCP,103.01,52
SIMA,103.01,52
IPODU,103.01,52
VACH,103.0,52
DRDBU,103.0,52
BUSEP,102.99,52
PRDO,102.99,52
GENC,102.98,52
IGD,102.96,52
BTA,102.96,52
ATLX,102.95,52
RGR,102.94,52
CENT,102.94,52
SPHL,102.93,52
NEA,102.93,52
GJT,102.93,52
MQT,102.91,52
TLN,102.9,52
NPACU,102.9,52
MFM,102.9,52
CCNEP,102.9,52
ULS,102.89,52
OAKUU,102.88,51
PGACU,102.85,51
NOEM,102.84,51
YHNA,102.84,51
ISD,102.83,51
OFSSH,102.82,51
KFII,102.82,51
CHI,102.82,51
KINS,102.82,51
FMN,102.82,51
OPRX,102.82,51
EXP,102.81,51
WB,102.81,51
VRE,102.8,51
PGAC,102.79,51
MACI,102.78,51
NAC,102.78,51
AMZN,102.78,51
JPC,102.77,51
STC,102.77,51
SMID,102.76,51
VVV,102.76,51
IMPPP,102.72,51
FTW,102.71,51
SLVM,102.71,51
NMG,102.71,51
KFIIU,102.71,51
RANGU,102.71,51
JHS,102.71,51
POWI,102.71,51
MSD,102.7,51
MAYS,102.7,51
CHAR,102.7,51
RH,102.7,51
RANI,102.68,51
OACC,102.68,51
OXLCO,102.68,51
KBH,102.68,51
FACT,102.67,51
SCD,102.67,51
AFB,102.67,51
BPYPO,102.67,51
MYI,102.66,51
CTDD,102.66,51
AGNCZ,102.66,51
VCV,102.65,51
RPM,102.65,51
NAD,102.63,51
LPBB,102.63,51
OACCU,102.63,51
HOOD,102.62,51
PELI,102.61,51
KIM,102.58,51
BNTX,102.58,51
SPKL,102.57,51
SIMAU,102.56,51
HOV,102.56,51
HYAC,102.55,51
PLMK,102.55,51
CSW,102.54,51
DLNG,102.54,51
VKQ,102.54,51
ALDF,102.54,51
FFIN,102.52,50
FSHPU,102.51,50
NRUC,102.51,50
HCACU,102.5,50
FVN,102.5,50
RAC,102.5,50
BACC,102.5,50
NTWO,102.49,50
BPYPM,102.49,50
IQI,102.48,50
QQQX,102.46,50
AAON,102.46,50
NTWOU,102.45,50
ORLY,102.45,50
PLMR,102.45,50
CHPG,102.45,50
TVC,102.44,50
J,102.44,50
AMWD,102.44,50
RAAQU,102.44,50
TPG,102.44,50
CMU,102.44,50
LPAA,102.42,50
WTFCN,102.42,50
ICMB,102.42,50
LADR,102.41,50
UWMC,102.41,50
NOG,102.41,50
USPH,102.41,50
DTE,102.4,50
SREA,102.4,50
RFAI,102.4,50
MBVIU,102.39,50
DRDB,102.39,50
PDT,102.39,50
SOMN,102.38,50
OYSEU,102.36,50
FFIV,102.36,50
SATA,102.36,50
SZZLU,102.36,50
EGHA,102.35,50
CPK,102.35,50
AACB,102.34,50
MBAV,102.34,50
APOG,102.33,50
SBR,102.33,50
NHIC,102.33,50
CUBWU,102.32,50
ADAMN,102.32,50
BLDR,102.3,50
EXE,102.3,50
MUC,102.29,50
CUB,102.29,50
FATE,102.29,50
ALF,102.28,50
VKI,102.28,50
TDAC,102.27,50
VANI,102.27,50
SXT,102.26,50
AOMD,102.25,50
MHD,102.24,50
TAVI,102.24,50
GRX,102.24,50
EOG,102.24,50
PCQ,102.23,49
XEL,102.23,49
DMAA,102.22,49
IPEX,102.22,49
CGCT,102.21,49
CDZIP,102.21,49
ASUR,102.2,49
GSHR,102.2,49
OAKU,102.2,49
ATLCL,102.19,49
FTAIM,102.18,49
VLYPN,102.17,49
SZZL,102.16,49
TSCO,102.16,49
AQST,102.16,49
QSEA,102.15,49
SUI,102.15,49
OXLCN,102.15,49
GPAT,102.14,49
LEGT,102.13,49
PYT,102.13,49
ICFI,102.11,49
HMN,102.11,49
RFAIU,102.11,49
COPL,102.1,49
NMT,102.09,49
MLAC,102.08,49
NBH,102.08,49
WTGUU,102.07,49
OXLCG,102.07,49
UYSC,102.07,49
PCG,102.06,49
LKSPU,102.06,49
IMCR,102.05,49
ICLR,102.05,49
NZF,102.05,49
SBXD,102.05,49
GPJA,102.04,49
PFXNZ,102.04,49
ARMK,102.03,49
GRAF,102.03,49
SDHI,102.02,49
OYSE,102.02,49
VSTM,102.01,49
LPBBU,102.0,49
JACS,102.0,49
BACQ,102.0,49
OCCIN,101.99,49
FERA,101.99,49
SVCC,101.99,49
EURKU,101.99,49
BYM,101.98,49
GAINZ,101.98,49
CNI,101.98,49
GUG,101.98,49
SBI,101.97,49
EICA,101.97,49
LCCCU,101.96,49
FOA,101.96,49
RHP,101.96,49
PNI,101.94,49
BFZ,101.94,49
MUE,101.94,49
FGMC,101.93,48
LCCC,101.93,48
PDO,101.93,48
GAIN,101.93,48
CMSD,101.92,48
BANR,101.92,48
ICE,101.91,48
CTSH,101.91,48
METCZ,101.9,48
BWG,101.9,48
XOMAP,101.9,48
MQY,101.9,48
BEAGU,101.9,48
IIM,101.89,48
STLA,101.89,48
LAFAU,101.89,48
OXSQG,101.88,48
EW,101.87,48
CTRM,101.86,48
MYD,101.86,48
CMSC,101.86,48
TLNC,101.85,48
NMI,101.85,48
MOGU,101.84,48
BFK,101.83,48
MYN,101.83,48
ECCU,101.83,48
GIG,101.82,48
BSAAU,101.82,48
QETAU,101.81,48
HYNE,101.79,48
KBONU,101.79,48
INBK,101.79,48
OXLCZ,101.78,48
WEA,101.78,48
META,101.77,48
VMO,101.77,48
BCAR,101.77,48
APACU,101.77,48
TFSA,101.77,48
INACU,101.77,48
GOODN,101.77,48
SOHON,101.76,48
TNYA,101.76,48
RMM,101.76,48
NMS,101.76,48
OXSQH,101.75,48
ADAMH,101.75,48
HVII,101.75,48
ALNY,101.75,48
KFRC,101.75,48
TY,101.74,48
RMI,101.74,48
BPYPN,101.73,48
DTF,101.72,48
PAII,101.71,48
STI,101.7,48
BLE,101.7,48
POLE,101.7,48
SOUL,101.69,47
MNYWW,101.69,47
NHS,101.69,47
ADAMM,101.69,47
TITN,101.69,47
PAG,101.69,47
CRAQ,101.68,47
TACH,101.68,47
APLE,101.68,47
RQI,101.67,47
RANG,101.67,47
ASGN,101.67,47
ADAMG,101.67,47
CHSCM,101.66,47
AWP,101.66,47
BNY,101.66,47
SJM,101.65,47
OXLCL,101.64,47
FPF,101.64,47
XYL,101.63,47
EVOX,101.62,47
WTG,101.61,47
VCICU,101.61,47
IPOD,101.61,47
MHN,101.6,47
MBAVU,101.59,47
AYI,101.59,47
IBAC,101.59,47
CEPF,101.57,47
SSEA,101.57,47
SPXX,101.57,47
CLNE,101.57,47
EXR,101.56,47
VNME,101.55,47
CCIIU,101.54,47
MKLY,101.54,47
PAYS,101.54,47
QSEAU,101.54,47
GIGGU,101.54,47
MACIU,101.54,47
CSV,101.53,47
PACHU,101.53,47
NEWTH,101.53,47
SDHIU,101.53,47
GTERA,101.52,47
EVN,101.52,47
LATAU,101.52,47
TLNCU,101.52,47
PG,101.52,47
APAC,101.51,47
MVF,101.5,47
TLSA,101.5,47
SPEGU,101.5,47
VNMEU,101.49,47
SCIIU,101.49,47
CHPGU,101.49,47
CRACU,101.49,47
BPACU,101.49,47
PPC,101.46,47
CICB,101.46,47
GPATU,101.45,47
FCN,101.45,47
APAD,101.45,47
YHNAU,101.45,47
SPEG,101.45,47
CRAQU,101.44,47
RCC,101.44,47
TVAI,101.44,47
AQNB,101.43,46
CMSA,101.43,46
NKTX,101.43,46
KCHV,101.43,46
MKLYU,101.43,46
ALFUU,101.42,46
ALCY,101.42,46
MOS,101.42,46
EVAC,101.42,46
HCMAU,101.42,46
BSAA,101.41,46
CARR,101.4,46
ORIQ,101.4,46
ANSCU,101.4,46
RWTN,101.39,46
KMRK,101.38,46
TVAIU,101.38,46
VGI,101.38,46
OTGAU,101.38,46
ORIQU,101.38,46
TAVIU,101.37,46
NEWTI,101.36,46
ABXL,101.36,46
NMP,101.35,46
LPX,101.35,46
JENA,101.34,46
ETHMU,101.34,46
GSHRU,101.34,46
SDHY,101.33,46
OBAWU,101.33,46
KMPB,101.33,46
NMPAU,101.33,46
DMII,101.32,46
HAVAU,101.32,46
MMTX,101.31,46
INAC,101.31,46
HTFC,101.3,46
WRAP,101.3,46
GJH,101.3,46
VLT,101.3,46
EPRT,101.3,46
GJS,101.29,46
DDT,101.29,46
FAX,101.28,46
OBA,101.28,46
AOMN,101.27,46
MBC,101.27,46
GAINI,101.27,46
CHARU,101.26,46
LOKV,101.26,46
NBIX,101.25,46
RIBBU,101.24,46
RGTI,101.24,46
TAC,101.24,46
NDMO,101.24,46
RNGTU,101.24,46
SPMA,101.24,46
DRS,101.24,46
JILL,101.24,46
APADU,101.23,46
CCD,101.23,46
TULP,101.22,46
CRAC,101.21,45
WSBCO,101.21,45
HAVA,101.21,45
APAM,101.2,45
OXLCP,101.2,45
BACQU,101.19,45
CRANU,101.19,45
GIWWU,101.18,45
YCY,101.17,45
SSYS,101.17,45
QUMS,101.16,45
LAFA,101.16,45
MPA,101.16,45
KVACU,101.16,45
PACH,101.16,45
EMIS,101.15,45
ETHM,101.15,45
EG,101.15,45
TACHU,101.15,45
YB,101.13,45
RWTP,101.13,45
AXIN,101.12,45
PSA,101.12,45
PNBK,101.11,45
ADAMI,101.11,45
BEAG,101.11,45
BDCIU,101.11,45
IGACU,101.1,45
PAM,101.1,45
SUZ,101.09,45
NSA,101.09,45
PMTW,101.08,45
RCB,101.08,45
ELV,101.08,45
XRPN,101.07,45
LKSP,101.06,45
DMIIU,101.06,45
HVMCU,101.06,45
FIGXU,101.06,45
AGO,101.05,45
MSCI,101.05,45
BOSC,101.04,45
AGNCL,101.04,45
GYRO,101.04,45
LRMR,101.04,45
RAAQ,101.04,45
HCXY,101.02,45
HNNAZ,101.02,45
NNY,101.01,45
SKYW,101.01,45
QUMSU,101.0,45
TWLVU,101.0,45
EVOXU,100.99,45
PRS,100.99,45
STRC,100.98,45
TUSK,100.98,45
KCHVU,100.98,45
MMTXU,100.98,45
CHSCP,100.98,45
LDP,100.97,45
MBVI,100.97,45
WSTN,100.96,45
NRK,100.96,45
KKRT,100.95,45
HVMC,100.94,45
SEZL,100.94,45
GSRFR,100.93,44
ONBPO,100.93,44
BLZRU,100.92,44
HDSN,100.92,44
GPRO,100.92,44
KRP,100.92,44
SVAQU,100.91,44
TBRG,100.91,44
SOCA,100.9,44
DSACU,100.9,44
SSEAU,100.9,44
ASBA,100.9,44
TDACU,100.89,44
CLM,100.89,44
FRMEP,100.89,44
CCXIU,100.88,44
RJET,100.87,44
SVCCU,100.87,44
ONBPP,100.86,44
PMTR,100.86,44
ETX,100.86,44
PSF,100.85,44
SSSSL,100.85,44
CHEC,100.85,44
KTH,100.85,44
UNM,100.84,44
QLYS,100.84,44
NEWTG,100.83,44
ARTNA,100.83,44
NPFD,100.83,44
OCCIM,100.83,44
CIMN,100.83,44
ALIS,100.82,44
HD,100.82,44
LWAC,100.82,44
KOYNU,100.82,44
FCT,100.81,44
EIIA,100.81,44
GHY,100.81,44
ALUB,100.8,44
PHK,100.8,44
BCSS,100.79,44
SI,100.78,44
LWACU,100.78,44
PAXS,100.76,44
IPEXU,100.75,44
ATLCZ,100.75,44
JBK,100.75,44
MITN,100.75,44
CCII,100.74,44
RZB,100.74,44
INMD,100.73,44
CIMP,100.73,44
VACHU,100.73,44
MMT,100.73,44
AGNCM,100.72,44
KOYN,100.72,44
BPAC,100.71,44
TDWD,100.71,44
FIGX,100.71,44
APXT,100.71,44
RMMZ,100.7,43
AIIA,100.7,43
FCRX,100.7,43
GTEN,100.7,43
NTWK,100.69,43
BNJ,100.69,43
FMY,100.69,43
MITP,100.69,43
DUKB,100.68,43
PAI,100.68,43
GTERU,100.67,43
AXINU,100.67,43
TSQ,100.67,43
EOI,100.66,43
PFBC,100.66,43
EGHAU,100.66,43
TBI,100.66,43
VACI,100.65,43
ITHAU,100.64,43
VLYPO,100.64,43
KYIV,100.64,43
ECX,100.64,43
ERC,100.63,43
AGNCO,100.63,43
DUK,100.62,43
MGRE,100.62,43
CPT,100.61,43
BIXI,100.61,43
DELL,100.6,43
OSUR,100.59,43
ADC,100.59,43
TBBK,100.59,43
DCOMG,100.58,43
SOCAU,100.57,43
HEPS,100.56,43
GIW,100.56,43
JGH,100.56,43
CIMO,100.55,43
HCMA,100.54,43
SAJ,100.54,43
PRI,100.54,43
BMRN,100.53,43
AHCO,100.53,43
DLTH,100.52,43
IGAC,100.51,43
RNGT,100.5,43
BANF,100.5,43
TDWDU,100.5,43
AEAQU,100.5,43
LFACU,100.5,43
RWAYL,100.5,43
RRC,100.49,43
SAT,100.49,43
RWTQ,100.48,43
OCCIO,100.48,43
YORW,100.48,43
LPL,100.47,43
GAINN,100.47,43
ONON,100.46,43
MLR,100.44,43
BANX,100.43,43
WRB,100.42,43
TLRY,100.42,43
EICC,100.41,42
EIM,100.41,42
FTAIN,100.41,42
AGNCP,100.41,42
ATHS,100.41,42
OTGA,100.4,42
METCI,100.37,42
SHEN,100.37,42
CHSCN,100.36,42
HWCPZ,100.36,42
RFM,100.35,42
FITBI,100.34,42
UHAL,100.34,42
ECCX,100.33,42
CCIXU,100.32,42
GOODO,100.32,42
COST,100.31,42
KFY,100.31,42
GPACU,100.3,42
EDF,100.3,42
BIXIU,100.3,42
VHCPU,100.3,42
SAY,100.29,42
GTENU,100.28,42
HVIIU,100.28,42
WAFDP,100.28,42
SOJE,100.27,42
MFAO,100.27,42
MNSBP,100.27,42
SPME,100.27,42
MDLZ,100.27,42
SAZ,100.27,42
BST,100.26,42
CHSCL,100.25,42
DJTWW,100.24,42
SIGA,100.24,42
GIGM,100.24,42
OPRT,100.24,42
NAN,100.23,42
XPOF,100.23,42
RDAGU,100.23,42
SKT,100.23,42
BPOPM,100.22,42
VCIC,100.22,42
NPAC,100.21,42
DCOMP,100.21,42
LATA,100.2,42
LPCVU,100.2,42
BWBBP,100.19,42
ENO,100.18,42
DYORU,100.18,42
NMCO,100.17,42
GECCH,100.16,42
SNOA,100.15,42
SWKHL,100.15,42
ARTCU,100.15,42
BLRKU,100.15,42
XOMAO,100.14,42
WKEY,100.14,42
AZO,100.13,42
PDPA,100.13,42
MGRB,100.12,42
PTA,100.12,42
APXTU,100.12,42
LEE,100.12,42
FVNNR,100.11,42
MESHU,100.1,41
DYOR,100.1,41
PFL,100.08,41
PRH,100.07,41
FINS,100.07,41
INGR,100.05,41
OFG,100.04,41
TWOD,100.04,41
ATLC,100.02,41
TMUSL,100.02,41
AGNCN,100.01,41
SVA,100.0,41
LATAW,100.0,41
DNMX,100.0,41
PDYNW,100.0,41
ARQQW,100.0,41
KYIVW,100.0,41
PGYWW,100.0,41
MDCXW,100.0,41
APLMW,100.0,41
LPBBW,100.0,41
TMUSZ,100.0,41
IGACR,100.0,41
NUKKW,100.0,41
MOBBW,100.0,41
CAG,99.99,41
BANFP,99.99,41
MFAN,99.99,41
ADACU,99.98,41
CCID,99.96,41
DTW,99.96,41
OFSSO,99.95,41
AWX,99.94,41
TRINZ,99.94,41
FINW,99.94,41
TRINI,99.93,41
OXLCI,99.93,41
WSO,99.93,41
EPAC,99.93,41
RWAYZ,99.92,41
PMTV,99.91,41
SCPQU,99.9,41
ZD,99.9,41
RWTO,99.9,41
FNF,99.86,41
MAN,99.85,41
SORNU,99.85,41
VLYPP,99.85,41
AIOT,99.82,41
NTES,99.81,41
TCPA,99.8,41
FNGD,99.8,41
IGI,99.79,41
CCIX,99.78,41
DLR,99.77,41
WIA,99.77,41
GJO,99.77,41
SCKT,99.76,41
CMS,99.74,41
GANX,99.74,41
BDCI,99.74,41
CHSCO,99.72,40
MCN,99.72,40
JHI,99.72,40
NEWTP,99.72,40
JLS,99.72,40
CVCO,99.72,40
INBKZ,99.71,40
LBTYB,99.71,40
MCI,99.69,40
APOS,99.69,40
PSTG,99.68,40
KTF,99.68,40
KRT,99.67,40
BEPJ,99.66,40
RA,99.65,40
CPSS,99.64,40
SOJF,99.63,40
GSRF,99.62,40
TMUSI,99.62,40
SOJD,99.62,40
GJR,99.61,40
FSI,99.61,40
RXO,99.61,40
ACGLN,99.61,40
TACOU,99.6,40
BATRA,99.6,40
GECCO,99.6,40
BLZR,99.6,40
DNMXU,99.59,40
JMM,99.58,40
KZIA,99.58,40
GRWG,99.56,40
PJT,99.56,40
AQB,99.55,40
AFGE,99.55,40
ACGLO,99.55,40
OLP,99.54,40
NVEC,99.53,40
GECCI,99.53,40
SO,99.52,40
NMFCZ,99.52,40
KRSP,99.52,40
HLNE,99.51,40
IRHOU,99.5,40
GDO,99.49,40
AIRI,99.49,40
CRF,99.47,40
ONCH,99.46,40
EVG,99.46,40
IOR,99.46,40
EDTK,99.45,40
HCI,99.44,40
HWH,99.43,40
EHI,99.43,40
CCZ,99.42,40
REGCO,99.42,40
BGS,99.41,40
PMTU,99.41,40
DHF,99.41,40
SHO,99.4,40
SERV,99.39,40
ENLV,99.39,40
HRL,99.38,40
ABG,99.38,40
ABNB,99.38,40
HWKN,99.35,39
RFMZ,99.35,39
LANDO,99.35,39
PPT,99.34,39
AGM,99.34,39
ABM,99.33,39
WHFCL,99.33,39
RVSB,99.31,39
WENN,99.31,39
HBANL,99.3,39
TPGXL,99.3,39
PIM,99.29,39
AHH,99.29,39
PMT,99.29,39
PETS,99.28,39
CPAY,99.28,39
TACO,99.28,39
ONCHU,99.26,39
JBDI,99.25,39
BMHL,99.25,39
AR,99.24,39
RWT,99.24,39
AEFC,99.24,39
FITBP,99.23,39
HR,99.23,39
KR,99.22,39
HURC,99.22,39
EDUC,99.21,39
XELLL,99.21,39
FMNB,99.2,39
CIF,99.2,39
BCAT,99.2,39
PFN,99.2,39
CHT,99.2,39
ERII,99.19,39
EAD,99.19,39
MCR,99.19,39
SOJC,99.19,39
SELF,99.17,39
WENNU,99.16,39
PMTRU,99.15,39
NP,99.14,39
GECCG,99.14,39
LLYVA,99.13,39
DIS,99.13,39
OGN,99.13,39
UDR,99.12,39
TRNS,99.12,39
MA,99.11,39
LGO,99.1,39
RDAG,99.09,39
JRI,99.07,39
ERH,99.06,39
IPCX,99.05,39
TRC,99.05,39
SYBT,99.03,39
QRVO,99.02,39
FCRS,99.02,39
RSVR,99.01,39
UMH,99.01,39
SAR,98.99,39
XRPNU,98.98,39
SILA,98.97,39
ELC,98.94,39
LLYVK,98.93,39
MSI,98.91,38
STRA,98.91,38
PML,98.91,38
IBN,98.89,38
NAZ,98.89,38
GLNG,98.89,38
CIX,98.88,38
MBINN,98.88,38
TSI,98.87,38
BEPI,98.84,38
SLMBP,98.83,38
ENJ,98.83,38
MTG,98.83,38
HGLB,98.8,38
REGCP,98.79,38
LANDP,98.79,38
UTL,98.79,38
LII,98.76,38
TVACU,98.74,38
NBB,98.73,38
MGR,98.72,38
RLTY,98.71,38
ELTX,98.71,38
FGBIP,98.7,38
HSPTU,98.69,38
RDN,98.68,38
DKS,98.68,38
PGZ,98.67,38
DAAQ,98.67,38
NPV,98.67,38
ACP,98.66,38
MET,98.66,38
AFGB,98.66,38
GJP,98.65,38
NXDR,98.65,38
BIPI,98.65,38
SIGIP,98.64,38
MGRD,98.62,38
CUBE,98.62,38
NMZ,98.62,38
KNDI,98.61,38
BNH,98.6,38
RZC,98.57,38
OTIS,98.57,38
PPL,98.56,38
ETSY,98.55,38
NWGL,98.55,38
GRMN,98.55,38
CEPV,98.54,38
VIRT,98.52,38
MHF,98.52,38
INOD,98.52,38
HIX,98.52,38
CEPO,98.5,38
VBF,98.5,38
RYN,98.49,38
HLIT,98.48,38
POST,98.48,38
QUIK,98.46,38
PCAP,98.46,38
CYH,98.46,38
AREN,98.45,38
OGE,98.45,38
NXP,98.44,37
PCN,98.42,37
DTK,98.42,37
CMG,98.42,37
DXCM,98.41,37
WIW,98.41,37
FGN,98.38,37
EVV,98.37,37
UHG,98.36,37
RDW,98.35,37
HBANM,98.35,37
EXEEZ,98.34,37
NOA,98.33,37
GLPI,98.33,37
ETJ,98.33,37
AFGD,98.3,37
KTN,98.3,37
CGABL,98.27,37
EFC,98.27,37
BHV,98.27,37
FORA,98.27,37
BGH,98.27,37
ZVRA,98.26,37
BEPH,98.25,37
LNSR,98.24,37
FTHY,98.24,37
NKE,98.23,37
TPL,98.23,37
GGT,98.22,37
PFH,98.22,37
REYN,98.22,37
PDI,98.2,37
CRBD,98.19,37
UNMA,98.16,37
EQR,98.14,37
VALU,98.13,37
PFFL,98.12,37
APWC,98.09,37
UYSCU,98.08,37
AON,98.08,37
WEX,98.08,37
LNTH,98.06,37
HPS,98.05,37
TTEC,98.02,37
OABI,98.02,37
RGS,98.0,37
Q,97.99,37
BTZ,97.98,37
SPE,97.96,37
WTRG,97.88,37
ACLX,97.88,37
BIPH,97.86,37
RSG,97.85,37
SFHG,97.84,37
CRWS,97.84,37
CRAI,97.84,37
CATO,97.83,37
BGI,97.83,37
BBDC,97.81,37
ONL,97.79,37
XOMA,97.79,37
TBB,97.78,37
NPCT,97.74,37
JRS,97.74,37
STWD,97.73,36
JHX,97.72,36
BLW,97.71,36
BBN,97.71,36
EVTL,97.7,36
LBRDP,97.66,36
RSF,97.65,36
NTRSO,97.64,36
PLMKU,97.64,36
AWF,97.62,36
JOBY,97.62,36
NSYS,97.61,36
HBANP,97.6,36
PED,97.6,36
SNFCA,97.59,36
SAFE,97.58,36
DBL,97.56,36
FTF,97.55,36
AKA,97.53,36
BJ,97.52,36
AFGC,97.49,36
PFGC,97.48,36
IGR,97.48,36
MCGAU,97.47,36
SIBN,97.46,36
DORM,97.46,36
ATR,97.44,36
ETY,97.43,36
HIO,97.42,36
HPF,97.39,36
KNTK,97.39,36
LYV,97.37,36
DTB,97.37,36
LMAT,97.36,36
BKT,97.35,36
GLP,97.33,36
PLTR,97.32,36
DTG,97.31,36
ANIK,97.3,36
LIEN,97.3,36
DSU,97.29,36
OZKAP,97.29,36
MGF,97.28,36
CRT,97.27,36
INVE,97.27,36
PCAPU,97.25,36
EVLV,97.21,36
FC,97.17,36
PEG,97.17,36
CALX,97.16,36
CRBG,97.15,36
ACIC,97.13,36
FRPT,97.13,36
IXHL,97.13,36
RMR,97.12,36
CHACU,97.12,36
FCPT,97.08,36
OEC,97.08,36
SFWL,97.07,36
KKRS,97.07,36
FCNCO,97.06,36
DLY,97.05,36
NRDS,97.04,36
NIU,96.94,35
BNED,96.93,35
MIN,96.93,35
EXC,96.92,35
PETZ,96.91,35
LEN,96.9,35
UTSI,96.88,35
THRM,96.87,35
BCBP,96.85,35
SDHC,96.84,35
VRSN,96.84,35
CBSH,96.83,35
ATGE,96.82,35
GBAB,96.81,35
HESM,96.79,35
FBRT,96.79,35
SBGI,96.76,35
VFS,96.73,35
SPWR,96.72,35
MDRR,96.71,35
CAEP,96.7,35
AMTD,96.7,35
AIG,96.68,35
IOVA,96.68,35
PLUT,96.67,35
CIK,96.67,35
MITQ,96.66,35
ADMA,96.65,35
JF,96.64,35
AFYA,96.63,35
HIPO,96.56,35
ATEN,96.55,35
HCM,96.55,35
FSV,96.55,35
HUHU,96.54,35
SYK,96.51,35
LNG,96.51,35
HPI,96.48,35
BGB,96.46,35
SPCB,96.46,35
MDWD,96.4,35
PBH,96.36,35
TLF,96.35,35
MPLT,96.34,35
FND,96.33,35
PNR,96.32,35
V,96.31,35
PRVA,96.29,35
CTAS,96.28,35
EWCZ,96.27,35
CHCI,96.23,35
FLX,96.21,35
FMS,96.21,35
HDB,96.19,35
KNSL,96.18,35
AFRM,96.17,35
FWRG,96.17,35
CUZ,96.14,35
RNP,96.12,35
AFG,96.12,35
CI,96.12,35
GRNT,96.07,35
BATRK,96.07,35
SNY,96.05,34
CHAC,96.05,34
RHI,96.04,34
BCIC,96.04,34
SRV,96.02,34
CROX,95.99,34
GYRE,95.93,34
FSSL,95.93,34
MKC,95.92,34
PRU,95.92,34
SVC,95.89,34
CYBR,95.86,34
IMMR,95.86,34
CHH,95.85,34
CWT,95.81,34
DIT,95.81,34
LOMA,95.8,34
MCGA,95.8,34
APO,95.79,34
STGW,95.77,34
WDI,95.77,34
OPAL,95.76,34
DSL,95.76,34
MSEX,95.75,34
JAKK,95.74,34
GIS,95.74,34
HYI,95.73,34
SMA,95.71,34
INFY,95.71,34
MTRX,95.7,34
PLBL,95.69,34
KNF,95.69,34
FCNCP,95.69,34
SLM,95.68,34
PFLT,95.66,34
RFI,95.65,34
NBXG,95.65,34
RCMT,95.64,34
MWG,95.64,34
OPENZ,95.64,34
BDTX,95.63,34
BHFAN,95.62,34
SBET,95.61,34
CCB,95.59,34
BRT,95.51,34
FULTP,95.47,34
GEG,95.47,34
DHY,95.45,34
ABEO,95.44,34
CHMI,95.42,34
SLRC,95.41,34
MCS,95.41,34
SGA,95.39,34
SACH,95.33,34
ABCL,95.32,34
EARN,95.31,34
JFR,95.31,34
TU,95.3,34
CXW,95.29,34
ADT,95.26,34
NET,95.25,34
SUGP,95.25,34
CINT,95.23,34
CURI,95.2,34
CIM,95.19,33
AWR,95.19,33
CNXN,95.18,33
WFCF,95.17,33
MMLP,95.16,33
ALC,95.16,33
LFMDP,95.13,33
RITM,95.12,33
JBGS,95.11,33
VTS,95.11,33
EQIX,95.1,33
VOC,95.05,33
JQC,95.04,33
KIO,95.04,33
TROW,95.04,33
CSAN,94.99,33
ASG,94.99,33
CWH,94.98,33
FTDR,94.98,33
PFX,94.97,33
PCF,94.97,33
ORGO,94.95,33
MAA,94.93,33
KDP,94.91,33
ACR,94.9,33
BHK,94.89,33
WBI,94.85,33
EQS,94.85,33
BOC,94.85,33
OPP,94.84,33
BGC,94.84,33
BHFAO,94.83,33
RTAC,94.82,33
NL,94.79,33
MH,94.76,33
CLX,94.76,33
TDG,94.73,33
SAMG,94.73,33
AAT,94.71,33
AII,94.67,33
BIT,94.65,33
BRID,94.63,33
OC,94.6,33
DXC,94.59,33
CPZ,94.59,33
KOSS,94.56,33
PCM,94.56,33
SCYX,94.55,33
TPVG,94.55,33
SGC,94.55,33
SNT,94.52,33
STRR,94.51,33
KVUE,94.5,33
ARLP,94.5,33
VYGR,94.5,33
MVST,94.49,33
PATH,94.49,33
STRF,94.49,33
BHFAP,94.48,33
ESS,94.46,33
ANTX,94.45,33
BGT,94.45,33
UTI,94.45,33
ACDC,94.44,33
MCHX,94.42,32
WEST,94.42,32
VXZ,94.41,32
MRSH,94.41,32
DSS,94.35,32
BRFH,94.34,32
SAH,94.33,32
MCO,94.3,32
ECAT,94.3,32
GBLI,94.29,32
BLIV,94.27,32
OSW,94.23,32
BSL,94.23,32
NTIP,94.21,32
DMLP,94.21,32
BZ,94.18,32
DOC,94.16,32
SCM,94.16,32
AIO,94.15,32
IRT,94.15,32
BHFAM,94.12,32
SAIC,94.09,32
HLI,94.09,32
EOS,94.07,32
MCW,94.06,32
KTCC,94.05,32
IDAI,94.03,32
TECTP,94.03,32
RTACU,94.02,32
HNNA,94.01,32
PDYN,94.0,32
INSG,93.99,32
IDT,93.92,32
TH,93.91,32
SIRI,93.91,32
AERO,93.91,32
FITBO,93.89,32
NRO,93.87,32
UPC,93.84,32
CSBR,93.81,32
FNGO,93.8,32
FTLF,93.8,32
MGPI,93.79,32
BAND,93.79,32
DMO,93.75,32
DEO,93.73,32
ATEC,93.73,32
RPT,93.72,32
JRSH,93.7,32
CCAP,93.69,32
ELSE,93.67,32
SNDL,93.66,32
EFT,93.66,32
EVMN,93.62,32
DFIN,93.6,32
AESI,93.59,32
ARDC,93.57,32
PRTA,93.57,32
TSLX,93.55,32
SLDE,93.54,32
BHFAL,93.54,32
EFR,93.53,32
KTB,93.51,32
BROS,93.5,31
SLNH,93.48,31
BGX,93.48,31
XTNT,93.46,31
CIGI,93.45,31
BXP,93.42,31
XBIT,93.42,31
FGSN,93.42,31
DDI,93.4,31
PLNT,93.4,31
SWZ,93.4,31
MGIH,93.39,31
WVVIP,93.37,31
QCOM,93.37,31
CHDN,93.36,31
EVF,93.31,31
MGEE,93.3,31
AOMR,93.29,31
NTAP,93.29,31
VICI,93.28,31
WCN,93.27,31
LOOP,93.22,31
VG,93.13,31
UNB,93.12,31
ALGS,93.12,31
AWK,93.07,31
ITRI,93.06,31
UONE,93.06,31
BAX,93.02,31
GOOD,93.02,31
CMTG,93.01,31
HBIO,93.01,31
DEC,92.98,31
BFRI,92.95,31
CRNT,92.94,31
PTY,92.94,31
ACI,92.91,31
SFBC,92.9,31
MOH,92.88,31
SUNS,92.88,31
SWIM,92.87,31
USA,92.85,31
VKTX,92.84,31
ITGR,92.83,31
BLFS,92.82,31
LCUT,92.82,31
IQ,92.8,31
EVO,92.79,31
LOGI,92.78,31
KHC,92.77,31
BBCP,92.73,31
BHC,92.72,31
AURA,92.7,31
AVB,92.68,31
IPAR,92.64,31
ADUS,92.63,31
MELI,92.63,31
VCEL,92.61,31
ONEW,92.58,31
VATE,92.57,31
EM,92.56,31
EXPO,92.55,31
MOMO,92.54,31
TAOX,92.5,30
HSCS,92.5,30
CGC,92.49,30
MTN,92.47,30
PYXS,92.47,30
RMNI,92.46,30
MTCH,92.45,30
IMPP,92.45,30
CHE,92.43,30
COE,92.43,30
FRPH,92.42,30
PX,92.34,30
FDUS,92.33,30
CCSI,92.32,30
MX,92.29,30
IIF,92.27,30
BBAI,92.26,30
MQ,92.21,30
AWRE,92.21,30
LOPE,92.19,30
VUZI,92.18,30
HELP,92.14,30
VVR,92.08,30
DSP,92.08,30
TRAW,91.9,30
SRG,91.9,30
RNG,91.89,30
AIN,91.89,30
PSN,91.88,30
HYT,91.87,30
RDCM,91.87,30
GFL,91.82,30
TWFG,91.81,30
XTIA,91.8,30
WMG,91.79,30
ALOT,91.78,30
OPTT,91.78,30
FIZZ,91.74,30
SHAK,91.74,30
MTR,91.72,30
ASTL,91.69,30
ETD,91.68,30
OOMA,91.67,30
LEGH,91.66,30
FRA,91.66,30
CION,91.65,30
DPZ,91.6,30
UCL,91.6,30
ADSE,91.57,30
CARS,91.57,30
CPHC,91.54,30
BBY,91.49,30
UPBD,91.41,30
ARCC,91.37,30
KSPI,91.37,30
CNK,91.37,30
HY,91.3,30
AMTX,91.28,30
CVI,91.28,30
WGS,91.28,30
KEQU,91.26,30
IRM,91.25,30
MIND,91.25,30
HTZ,91.22,30
OPK,91.21,29
AZTA,91.2,29
TLYS,91.19,29
IFN,91.18,29
FARM,91.17,29
KBDC,91.17,29
KELYB,91.16,29
BNTC,91.15,29
TREE,91.12,29
ARLO,91.11,29
BKNG,91.1,29
LMNR,91.1,29
APP,91.09,29
HERE,91.06,29
AMT,91.01,29
WH,91.0,29
VLTO,90.99,29
TME,90.98,29
UTZ,90.97,29
UG,90.96,29
HLP,90.93,29
NOMD,90.93,29
IEP,90.91,29
YDES,90.9,29
GIFT,90.88,29
OLLI,90.88,29
UZD,90.87,29
KRC,90.85,29
YCBD,90.85,29
DFH,90.84,29
CRDL,90.84,29
HTGC,90.83,29
LU,90.82,29
MRVL,90.78,29
OCUL,90.76,29
RLI,90.72,29
BV,90.71,29
NXRT,90.7,29
NTZ,90.69,29
OMC,90.68,29
PSEC,90.68,29
RDVT,90.67,29
CCCC,90.66,29
SIEB,90.66,29
AXR,90.65,29
IIPR,90.64,29
PMAX,90.57,29
WIT,90.56,29
MDAI,90.55,29
REFI,90.53,29
AMH,90.53,29
SPGI,90.53,29
UXIN,90.45,29
BOLT,90.44,29
WST,90.43,29
CXT,90.41,29
MLCO,90.27,29
ISRG,90.26,29
PW,90.25,29
XRAY,90.25,29
SKWD,90.24,29
OCSL,90.23,29
STKL,90.21,29
POOL,90.18,28
FWONA,90.18,28
NWSA,90.18,28
DLB,90.17,28
KELYA,90.17,28
UZE,90.16,28
ADXN,90.16,28
PERI,90.15,28
ANIX,90.13,28
CCI,90.12,28
ARBB,90.12,28
LODE,90.12,28
MSIF,90.08,28
U,90.07,28
OFIX,90.07,28
HIW,90.07,28
SABA,90.02,28
MFIC,90.01,28
CZR,90.0,28
CCG,89.96,28
MAXN,89.95,28
OYSER,89.93,28
BTX,89.92,28
RYOJ,89.92,28
MZTI,89.9,28
CITR,89.88,28
TGTX,89.88,28
GBDC,89.88,28
CLPT,89.86,28
NWS,89.85,28
BEAT,89.85,28
GURE,89.78,28
UFI,89.76,28
BDCZ,89.73,28
OXM,89.72,28
JG,89.71,28
EVTC,89.67,28
TIPT,89.66,28
ZTS,89.64,28
CALM,89.61,28
NYC,89.58,28
CHNR,89.55,28
BBSI,89.53,28
ANDG,89.53,28
IPM,89.52,28
HTFL,89.51,28
FPH,89.5,28
DCTH,89.46,28
OCC,89.45,28
UZF,89.44,28
RVP,89.43,28
RMTI,89.41,28
GNE,89.41,28
BX,89.39,28
KIDS,89.38,28
AMBA,89.38,28
ALH,89.38,28
IPHA,89.37,28
BLRX,89.36,28
ENR,89.34,28
MIRA,89.33,28
FWONK,89.31,28
KC,89.29,28
GREE,89.25,28
EXTR,89.24,27
GGAL,89.23,27
KBR,89.21,27
BRIA,89.17,27
ZIONP,89.13,27
EXOZ,89.11,27
TWLO,89.11,27
DDD,89.1,27
CBAT,89.08,27
RMAX,89.06,27
G,89.05,27
MRCC,89.01,27
CAVA,89.0,27
AMS,88.95,27
FLYX,88.94,27
HITI,88.93,27
ZBH,88.92,27
RCD,88.92,27
TMUS,88.91,27
EQH,88.89,27
RDDT,88.82,27
LWAY,88.82,27
MNR,88.78,27
ACRV,88.78,27
ADGM,88.72,27
MHNC,88.71,27
PONY,88.7,27
KMX,88.68,27
TTWO,88.68,27
WWW,88.65,27
CRWD,88.64,27
MNSO,88.62,27
TIC,88.62,27
DASH,88.56,27
AMSF,88.54,27
SSNC,88.54,27
FA,88.54,27
IRDM,88.52,27
SPRY,88.51,27
ROCK,88.51,27
PLSE,88.5,27
ULH,88.5,27
WALD,88.47,27
SBAC,88.46,27
HRZN,88.45,27
CLPR,88.43,27
SGHC,88.37,27
WK,88.32,27
CCLD,88.31,27
STRD,88.31,27
SSM,88.3,27
CRBP,88.3,27
RSKD,88.21,27
KRKR,88.18,27
PSBD,88.18,27
CHKP,88.18,27
TACT,88.16,27
SCWO,88.15,27
PFSI,88.13,27
RWAY,88.11,27
BAM,88.11,27
ESBA,88.1,27
ELF,88.09,27
GOF,88.05,27
MASI,88.04,26
CARL,88.01,26
SUUN,88.01,26
JCSE,88.0,26
PENG,87.96,26
CLSK,87.91,26
EPC,87.9,26
LOCL,87.9,26
VRTS,87.89,26
MNDO,87.87,26
CTM,87.85,26
EPM,87.83,26
LVWR,87.83,26
AJG,87.83,26
CARG,87.82,26
KREF,87.81,26
WBTN,87.73,26
TKLF,87.73,26
GLAD,87.72,26
KOS,87.72,26
CIGL,87.69,26
FTRK,87.68,26
STRK,87.67,26
KMB,87.64,26
SNWV,87.62,26
EMBC,87.59,26
ACN,87.57,26
SSTK,87.56,26
LB,87.56,26
RCS,87.56,26
SKYH,87.54,26
VYX,87.48,26
QNRX,87.48,26
CNXC,87.48,26
ALRM,87.46,26
TIGR,87.45,26
GSBD,87.44,26
LIQT,87.43,26
BRSL,87.43,26
ASIC,87.41,26
MHLA,87.41,26
KTTA,87.41,26
ACB,87.4,26
LPRO,87.38,26
OKTA,87.36,26
CGBD,87.35,26
APPN,87.33,26
SNPS,87.33,26
PCRX,87.33,26
BCSF,87.32,26
TRVG,87.3,26
FSCO,87.28,26
GBFH,87.27,26
FKWL,87.25,26
FF,87.25,26
GDEV,87.25,26
HUDI,87.24,26
DHX,87.21,26
NCDL,87.21,26
AUTL,87.21,26
MSFT,87.2,26
AMBQ,87.14,26
EVGN,87.13,25
AVTR,87.13,25
GLBE,87.12,25
IKT,87.11,25
SPOK,87.07,25
INN,87.04,25
PVH,87.02,25
RSSS,87.0,25
STXS,86.99,25
ASIX,86.98,25
CGNT,86.97,25
BRLT,86.97,25
CCIXW,86.96,25
RNXT,86.96,25
ZH,86.96,25
NIO,86.95,25
PODD,86.95,25
SM,86.94,25
FLWS,86.91,25
PGR,86.9,25
LUXE,86.89,25
PSKY,86.83,25
CLFD,86.83,25
AIV,86.82,25
CRVO,86.81,25
OSCR,86.79,25
GPI,86.78,25
MKTX,86.78,25
INO,86.77,25
ICL,86.76,25
CPB,86.76,25
HIMX,86.74,25
LZ,86.69,25
MMSI,86.67,25
WSC,86.66,25
GCMG,86.65,25
BKYI,86.62,25
TRMB,86.6,25
PRPL,86.59,25
LSPD,86.58,25
INVH,86.57,25
SMCI,86.57,25
ESOA,86.57,25
LINE,86.57,25
DOMH,86.57,25
DBX,86.56,25
YJ,86.55,25
FISK,86.55,25
SEED,86.54,25
CNF,86.52,25
SHOP,86.49,25
LOAN,86.47,25
CRCT,86.43,25
AMBO,86.41,25
HRTX,86.4,25
USIO,86.38,25
CDW,86.37,25
CART,86.36,25
AGYS,86.34,25
PBHC,86.34,25
AZ,86.3,25
BXSL,86.28,25
PDX,86.26,25
TOP,86.23,24
PANW,86.23,24
GEN,86.23,24
UBER,86.22,24
TCOM,86.18,24
PRSO,86.18,24
PZZA,86.15,24
PRHIZ,86.12,24
DNMXW,86.11,24
BRW,86.1,24
PAYO,86.1,24
CTOR,86.06,24
MTLS,86.03,24
TRIB,86.03,24
GNSS,86.0,24
EVEX,85.99,24
TDUP,85.94,24
GPMT,85.94,24
ZBRA,85.93,24
BKKT,85.92,24
MED,85.91,24
KYNB,85.9,24
MHH,85.9,24
DGXX,85.88,24
PNNT,85.81,24
SONY,85.81,24
FTNT,85.8,24
ACCS,85.8,24
TBCH,85.69,24
LBRDA,85.68,24
GIB,85.67,24
OXSQ,85.66,24
SEER,85.66,24
AD,85.62,24
ERIE,85.6,24
FTEK,85.6,24
TUYA,85.59,24
NVO,85.58,24
NEN,85.56,24
ATNM,85.51,24
EXPI,85.51,24
COOK,85.5,24
WRLD,85.48,24
ETON,85.47,24
XTLB,85.45,24
SERA,85.44,24
LOAR,85.41,24
RRGB,85.4,24
LBRDK,85.37,24
ESRT,85.37,24
BBBY,85.35,24
REPL,85.33,24
GCTS,85.29,24
ITP,85.28,24
DOX,85.25,24
CHYM,85.23,24
PFAI,85.23,24
EPSN,85.21,24
CNS,85.19,24
BARK,85.18,24
BZUN,85.17,24
SAVA,85.16,24
XZO,85.1,24
PRZO,84.94,24
SRPT,84.88,23
ABSI,84.88,23
ANGI,84.75,23
PDD,84.71,23
HQY,84.7,23
AAPG,84.67,23
PRGS,84.64,23
NHTC,84.6,23
OPFI,84.6,23
BHM,84.58,23
IONQ,84.53,23
GWRS,84.5,23
BLMN,84.45,23
COLD,84.45,23
ZBAO,84.38,23
OKUR,84.38,23
EHC,84.36,23
XYZ,84.36,23
ACIW,84.35,23
SUPV,84.34,23
SANG,84.33,23
RGP,84.27,23
JL,84.26,23
LW,84.21,23
SDST,84.2,23
FLYW,84.16,23
LULU,84.14,23
SEG,84.12,23
USEG,84.08,23
NXPL,84.06,23
ELBM,84.05,23
LIF,83.98,23
DDOG,83.97,23
ABT,83.96,23
MSDL,83.94,23
LRN,83.9,23
PRT,83.87,23
FG,83.86,23
KRNT,83.81,23
EHLD,83.81,23
TOPS,83.79,23
BBGI,83.74,23
AOSL,83.74,23
XPEV,83.7,23
FTHM,83.7,23
PXLW,83.57,23
ECOR,83.56,23
NSP,83.54,23
MSC,83.53,23
TRIP,83.53,23
CDNS,83.52,23
BOW,83.52,23
OLED,83.51,23
WOOF,83.47,23
CD,83.42,23
TNET,83.41,23
HHS,83.41,23
EVGO,83.3,23
TW,83.28,23
PTON,83.24,23
FICO,83.23,23
IINN,83.21,23
ELTK,83.15,23
ARE,83.12,23
NGNE,83.09,23
JJSF,83.08,22
MTEK,83.06,22
TNXP,83.03,22
PSO,83.03,22
IART,83.02,22
USNA,83.0,22
SEVN,82.97,22
BIRK,82.94,22
ZKIN,82.89,22
LMB,82.86,22
CRMT,82.84,22
SAIH,82.79,22
BON,82.77,22
NVCR,82.76,22
NMFC,82.7,22
GPN,82.7,22
TFX,82.7,22
MB,82.68,22
OGCP,82.67,22
EDN,82.66,22
ADP,82.65,22
LFS,82.6,22
CURR,82.58,22
ACM,82.51,22
TEM,82.48,22
ZENA,82.46,22
BB,82.44,22
PTLO,82.43,22
TBHC,82.42,22
KKR,82.4,22
BRN,82.38,22
HDL,82.37,22
HIVE,82.34,22
TC,82.33,22
RDACU,82.32,22
JBI,82.3,22
PMVP,82.28,22
BUR,82.27,22
VTSI,82.26,22
QUBT,82.26,22
RZLV,82.25,22
CCIIW,82.22,22
BL,82.21,22
HOG,82.18,22
ORIO,82.16,22
CULP,82.13,22
OPRA,82.08,22
OBDC,82.03,22
CHTR,82.03,22
EEFT,82.02,22
BEEP,82.0,22
QVCD,81.98,22
MMI,81.92,22
BRRWW,81.9,22
RYDE,81.84,22
SWKS,81.8,22
JD,81.78,22
EONR,81.75,22
BAH,81.68,22
ADSK,81.65,22
CPRT,81.63,22
ARES,81.61,22
CLNN,81.58,22
YMM,81.57,21
NIQ,81.56,21
VST,81.5,21
VAC,81.45,21
OTLY,81.32,21
BCRX,81.29,21
EML,81.25,21
GNS,81.21,21
QVCC,81.13,21
OTF,81.06,21
FEDU,81.04,21
BRO,81.01,21
TXO,80.96,21
WD,80.9,21
SLN,80.85,21
WYFI,80.84,21
TRU,80.8,21
VNO,80.7,21
AMOD,80.7,21
WLYB,80.7,21
BBWI,80.69,21
ASPI,80.66,21
YMT,80.65,21
TISI,80.63,21
CLW,80.61,21
AACG,80.61,21
ESLA,80.61,21
MNTK,80.6,21
GBTG,80.59,21
LOVE,80.58,21
CSPI,80.56,21
DRIO,80.56,21
ARKR,80.55,21
PMEC,80.55,21
CLBT,80.51,21
BDN,80.48,21
PTC,80.47,21
DGZ,80.46,21
BR,80.45,21
NRSN,80.45,21
FENG,80.43,21
VIRC,80.42,21
XPER,80.41,21
FBYD,80.4,21
LBGJ,80.32,21
LUCK,80.29,21
BTDR,80.27,21
GRAB,80.25,21
NAVI,80.22,21
MTEX,80.12,21
NEXM,80.11,21
RNTX,80.08,21
TOMZ,80.05,21
QTWO,79.93,21
UNH,79.92,21
RFL,79.92,21
NEUP,79.91,21
AUDC,79.83,21
FOXF,79.83,21
SPPL,79.81,21
FLO,79.76,21
EIC,79.76,21
HGBL,79.68,21
PXED,79.68,21
OCCI,79.66,20
PTRN,79.59,20
MLTX,79.52,20
PLUR,79.5,20
KPRX,79.46,20
LEDS,79.45,20
EP,79.42,20
CNNE,79.42,20
DKNG,79.37,20
PRKS,79.35,20
CEVA,79.33,20
INAB,79.29,20
BFAM,79.26,20
GENI,79.25,20
NRDY,79.2,20
OSPN,79.18,20
VRRM,79.15,20
AGEN,79.11,20
COYA,79.11,20
RCKT,79.1,20
BYSI,79.09,20
KLTR,79.06,20
XFLT,79.02,20
CBRL,78.95,20
MDBH,78.94,20
GSHD,78.94,20
TREX,78.91,20
NWTG,78.91,20
RYAN,78.89,20
ACFN,78.8,20
LRE,78.79,20
ATHM,78.78,20
DNUT,78.71,20
NTRP,78.7,20
XOS,78.67,20
GSIW,78.65,20
RBBN,78.59,20
CLIR,78.57,20
CNTY,78.5,20
DARE,78.48,20
NNE,78.42,20
RACE,78.4,20
HTT,78.4,20
REAX,78.4,20
BMRA,78.37,20
OZ,78.36,20
ATHR,78.36,20
PDCC,78.31,20
UEIC,78.31,20
AGIO,78.24,20
JVA,78.23,20
PRCH,78.2,20
RAMP,78.18,20
CAPT,78.17,20
SBDS,78.13,20
WOLF,78.11,20
RCEL,78.07,20
SEATW,78.01,20
AMSC,77.98,20
APUS,77.95,20
GMHS,77.94,20
WHF,77.91,20
STRZ,77.89,20
MSN,77.86,19
FRHC,77.8,19
PRAA,77.79,19
GTIM,77.78,19
MBOT,77.74,19
SNOW,77.72,19
NNBR,77.7,19
GRPN,77.63,19
DNA,77.61,19
SLG,77.6,19
SCLX,77.6,19
HPAI,77.59,19
CODI,77.59,19
BOX,77.55,19
IPWR,77.53,19
CTSO,77.47,19
BTBD,77.43,19
MAX,77.35,19
ZG,77.35,19
RGNT,77.33,19
GBR,77.33,19
FUFU,77.32,19
VLN,77.29,19
CHWY,77.2,19
EFX,77.17,19
LI,77.15,19
WNW,77.14,19
TCPC,77.14,19
SST,77.09,19
CEG,77.06,19
PCOR,77.01,19
EVER,76.98,19
GHI,76.94,19
NICE,76.89,19
SENS,76.89,19
ADBE,76.86,19
PENN,76.84,19
WEAV,76.67,19
IGC,76.67,19
BLLN,76.66,19
HERZ,76.64,19
CTEV,76.61,19
WEN,76.59,19
UDMY,76.57,19
FFAI,76.55,19
FNGR,76.53,19
ACOG,76.49,19
FORR,76.48,19
SDA,76.48,19
NAGE,76.47,19
DYAI,76.46,19
SOC,76.39,19
SPSC,76.39,19
HCKT,76.34,19
RICK,76.3,19
IH,76.28,19
PLTK,76.26,19
WALDW,76.25,19
ALKT,76.24,19
GOTU,76.23,19
XLO,76.21,19
MTNB,76.2,19
RNW,76.19,19
SLP,76.17,19
PRTH,76.14,18
TASK,76.08,18
GLXY,75.99,18
BBNX,75.89,18
CNMD,75.82,18
ALLR,75.76,18
FMC,75.75,18
AMPL,75.75,18
RUM,75.63,18
KD,75.62,18
GRRR,75.61,18
HELE,75.58,18
TGLS,75.51,18
PCTY,75.47,18
STG,75.38,18
NDRA,75.32,18
KMPR,75.27,18
REFR,75.22,18
OTEX,75.16,18
ALVO,75.14,18
CXM,75.1,18
PERF,75.1,18
PRQR,75.06,18
NVX,74.99,18
SAIL,74.98,18
VOYG,74.94,18
ATHE,74.92,18
ABLV,74.83,18
PAYX,74.76,18
EXLS,74.74,18
STAA,74.72,18
NRXP,74.7,18
AUR,74.67,18
TTGT,74.67,18
VRSK,74.66,18
ACHR,74.64,18
TOST,74.64,18
MYGN,74.63,18
TOUR,74.51,18
INVZ,74.49,18
Z,74.46,18
RXRX,74.46,18
HSTM,74.44,18
BGMSP,74.34,18
BRBI,74.33,18
BSX,74.31,18
CAI,74.31,18
SPMC,74.31,18
STKS,74.28,18
AERT,74.28,18
TRUP,74.27,18
HPQ,74.26,18
EPOW,74.19,18
WLY,74.18,18
IIIV,74.17,18
INLX,74.15,18
LUCYW,74.07,18
BMI,74.06,18
S,74.06,18
ANTA,74.05,18
RPAY,74.04,18
NTRBW,73.95,18
IBO,73.84,18
INGN,73.81,17
FSK,73.79,17
SE,73.74,17
FIS,73.66,17
LFWD,73.63,17
FLL,73.63,17
CTNT,73.61,17
DEI,73.59,17
RDI,73.59,17
PRMB,73.55,17
WPRT,73.54,17
CRM,73.54,17
FJET,73.53,17
BILL,73.51,17
TRSG,73.47,17
NDLS,73.47,17
GECC,73.45,17
KGEI,73.44,17
RCON,73.39,17
SBFM,73.36,17
GEO,73.3,17
RARE,73.29,17
CHGG,73.28,17
APPF,73.22,17
IMUX,73.2,17
NFLX,73.15,17
MANH,73.13,17
DOYU,73.1,17
NYXH,73.05,17
BLKB,73.05,17
FOUR,72.94,17
COTY,72.93,17
CCC,72.92,17
SMXT,72.92,17
CCM,72.82,17
BCYC,72.77,17
BOLD,72.74,17
YSG,72.71,17
MRT,72.68,17
NABL,72.65,17
ABR,72.63,17
ARQQ,72.59,17
DVLT,72.55,17
ASTH,72.49,17
FRSH,72.41,17
ORCL,72.41,17
RXST,72.38,17
VERU,72.36,17
PAY,72.35,17
CVRX,72.3,17
NTGR,72.29,17
SAP,72.23,17
VEEV,72.21,17
AUNA,72.21,17
WRD,72.16,17
GLOB,72.11,17
VITL,72.09,17
ECC,72.07,17
NCNO,72.04,17
CRTO,72.03,17
SRAD,71.98,17
LANV,71.96,17
FCO,71.95,17
SPCE,71.89,17
PMTS,71.87,16
MGNI,71.84,16
PCTTU,71.8,16
LTRN,71.76,16
DV,71.65,16
FAMI,71.64,16
BEEM,71.62,16
GV,71.6,16
ARM,71.59,16
COCP,71.5,16
IMCC,71.42,16
MORN,71.39,16
ELUT,71.33,16
HNGE,71.28,16
MYSE,71.24,16
YELP,71.2,16
NSRX,71.18,16
SNAP,71.17,16
TGEN,71.13,16
RDHL,71.12,16
BNC,71.11,16
PEGA,71.02,16
SMTI,71.01,16
UCFI,70.96,16
IOTR,70.9,16
HAIN,70.85,16
WDAY,70.84,16
LGCB,70.84,16
UPST,70.83,16
CCGWW,70.82,16
CPNG,70.68,16
IMTE,70.61,16
NGVC,70.6,16
MGX,70.58,16
PAVM,70.55,16
OTH,70.53,16
HUM,70.48,16
GCLWW,70.48,16
ROP,70.38,16
COSM,70.32,16
VVPR,70.25,16
UBXG,70.25,16
OSTX,70.24,16
PMCB,70.24,16
RELY,70.22,16
SNYR,70.22,16
XBIO,70.2,16
NSIT,70.19,16
AMCI,70.09,16
ENOV,70.01,16
BBLGW,69.98,16
DJT,69.98,16
WPP,69.95,16
NPWR,69.87,16
FINV,69.85,16
APM,69.66,16
ZS,69.66,16
XCH,69.64,16
NCMI,69.6,16
CRMD,69.59,16
OSG,69.56,16
SVCO,69.56,16
BWIN,69.54,16
RNAZ,69.5,15
NSPR,69.41,15
CCIF,69.38,15
SPOT,69.29,15
NAAS,69.28,15
FUN,69.27,15
CELZ,69.25,15
REBN,69.23,15
DTIL,69.13,15
EXFY,69.1,15
GAIA,69.0,15
SMMT,68.99,15
COUR,68.92,15
NEXT,68.8,15
ELWT,68.68,15
ARBE,68.65,15
IMSR,68.61,15
GRAN,68.56,15
RBLX,68.55,15
HUIZ,68.54,15
DSGX,68.47,15
CRGO,68.43,15
CSGP,68.42,15
BGIN,68.4,15
KLTO,68.38,15
INV,68.36,15
JELD,68.3,15
GDYN,68.29,15
RDAC,68.2,15
EH,68.17,15
LITM,68.14,15
BTCS,68.11,15
MDXG,68.11,15
LVO,68.08,15
COOT,68.07,15
LSE,68.02,15
XHG,67.91,15
DT,67.88,15
RBRK,67.86,15
AISP,67.84,15
RNAC,67.83,15
NTRB,67.79,15
YRD,67.76,15
LIDRW,67.72,15
INTU,67.71,15
ZTEK,67.71,15
THCH,67.62,15
BSY,67.61,15
GHG,67.5,15
TCRX,67.47,15
MMA,67.45,15
LUNG,67.44,15
HKPD,67.44,15
PDSB,67.39,15
GPK,67.38,15
SXTP,67.36,15
ESTC,67.29,15
LOBO,67.26,15
OPTU,67.23,15
MGN,67.08,15
OPAD,67.03,15
AMWL,67.03,15
ARCT,67.02,15
FLY,67.0,15
HOTH,66.98,14
WHLRL,66.9,14
BMEA,66.85,14
BURU,66.84,14
WVVI,66.82,14
TTRX,66.82,14
PUBM,66.81,14
NCI,66.8,14
TOPP,66.73,14
VSNT,66.71,14
MAPS,66.71,14
HKD,66.7,14
LFT,66.7,14
CERT,66.69,14
ANGH,66.66,14
BMR,66.63,14
MERC,66.63,14
QNST,66.63,14
YEXT,66.6,14
MATH,66.6,14
XPON,66.53,14
ARX,66.5,14
WW,66.49,14
ENVX,66.47,14
AHT,66.46,14
OWL,66.45,14
INTS,66.44,14
BTAI,66.41,14
ICCM,66.41,14
SMPL,66.39,14
AMST,66.39,14
VRM,66.35,14
DCBO,66.32,14
ZVIA,66.3,14
QTI,66.22,14
SSTI,66.17,14
VXX,66.11,14
SGRP,66.02,14
GTLB,65.97,14
ORBS,65.94,14
FUSEW,65.92,14
CCRN,65.91,14
CLGN,65.84,14
OSRH,65.79,14
OPENW,65.77,14
FVRR,65.77,14
CCEL,65.77,14
FDS,65.73,14
AVPT,65.69,14
ACET,65.67,14
GTM,65.61,14
BLZE,65.44,14
PMNT,65.44,14
KVYO,65.42,14
QSI,65.41,14
ASPS,65.4,14
UAVS,65.35,14
ASTC,65.34,14
AIMD,65.33,14
LSH,65.26,14
PRGO,65.25,14
JFIN,65.23,14
EBON,65.2,13
WAVE,65.2,13
REKR,65.13,13
SELX,65.11,13
SLNO,65.11,13
OMSE,65.09,13
OFS,65.07,13
SITC,65.05,13
LEXX,65.03,13
MBLY,65.01,13
GLOO,65.0,13
KAPA,64.87,13
ZGM,64.85,13
INSP,64.84,13
XRTX,64.8,13
LVRO,64.74,13
FIVN,64.71,13
BHST,64.71,13
CLOV,64.69,13
BRAG,64.66,13
PRCT,64.66,13
STVN,64.54,13
XCUR,64.49,13
BTMD,64.48,13
IHT,64.47,13
ATCH,64.47,13
HFFG,64.43,13
BRZE,64.41,13
ARQ,64.36,13
SNGX,64.33,13
ATOM,64.25,13
HRB,64.23,13
PAYC,64.23,13
SOUN,64.21,13
CLRB,64.18,13
CBIO,64.16,13
TYL,64.16,13
QCLS,64.14,13
BLNK,64.13,13
PRHI,64.09,13
PLCE,64.01,13
AIRE,63.94,13
OPENL,63.83,13
CAN,63.75,13
IFRX,63.69,13
RAND,63.69,13
LPA,63.67,13
HTOO,63.64,13
IZM,63.62,13
NEXN,63.62,13
ALAR,63.6,13
VIOT,63.57,13
SMSI,63.56,13
YHC,63.53,13
CREG,63.4,13
DH,63.36,13
ASST,63.3,13
WAY,63.28,13
BHVN,63.16,13
TENB,63.07,13
ARDT,63.01,13
BRNS,63.01,13
TTAN,63.0,13
BCDA,62.98,13
AIRJ,62.96,13
AIXC,62.89,12
ALZN,62.8,12
IFBD,62.76,12
HPK,62.66,12
HIT,62.65,12
AQMS,62.64,12
SDGR,62.61,12
TDOC,62.59,12
WLTH,62.58,12
BRTX,62.51,12
GRND,62.49,12
GNLX,62.47,12
NLOP,62.45,12
NCTY,62.42,12
SG,62.41,12
PRTS,62.33,12
YXT,62.26,12
COIN,62.21,12
HTCO,62.2,12
FEMY,62.2,12
SOWG,62.16,12
ATXG,62.08,12
SLQT,62.02,12
FLUT,61.98,12
SRFM,61.88,12
RELX,61.88,12
OXLC,61.88,12
CTXR,61.86,12
TSSI,61.74,12
CRSR,61.74,12
IMA,61.68,12
AXON,61.68,12
GO,61.63,12
CELU,61.62,12
PLRX,61.6,12
ZBAI,61.59,12
PROP,61.59,12
PHUN,61.57,12
INBS,61.55,12
ROOT,61.55,12
ACTU,61.54,12
CVM,61.5,12
IOT,61.25,12
SGRY,61.23,12
CRDF,61.21,12
ACVA,61.14,12
BTBT,61.13,12
KPLT,61.1,12
MKZR,61.09,12
SNAL,61.0,12
PINS,60.94,12
VOR,60.93,12
ODD,60.92,12
GETY,60.87,12
MDIA,60.83,12
ETOR,60.67,12
SPWH,60.65,12
CMRC,60.61,12
AGL,60.6,12
CABO,60.55,12
LOT,60.52,12
INCR,60.48,12
MVIS,60.45,12
HTLM,60.38,11
TRAK,60.38,11
GDDY,60.27,11
NNVC,60.24,11
ALPS,60.23,11
FLUX,60.18,11
GWRE,60.17,11
DXLG,60.12,11
UCAR,60.11,11
OST,60.09,11
GELS,60.07,11
BLND,60.01,11
DOCU,60.0,11
RAY,59.96,11
VS,59.93,11
JDZG,59.93,11
TELO,59.91,11
ORKT,59.9,11
LIMN,59.88,11
KSCP,59.83,11
CNET,59.8,11
VTEX,59.76,11
NOW,59.7,11
VRAR,59.69,11
INTZ,59.69,11
ASAN,59.51,11
TELA,59.51,11
LMRI,59.4,11
CIIT,59.35,11
AEYE,59.35,11
MMYT,59.33,11
ZLAB,59.32,11
PYPL,59.27,11
NUWE,59.22,11
SKK,59.19,11
SER,59.14,11
SFM,59.01,11
YHGJ,58.94,11
CNDT,58.82,11
POLA,58.81,11
NTSK,58.78,11
SKYQ,58.72,11
AURE,58.72,11
KULR,58.72,11
OMDA,58.7,11
CBZ,58.7,11
ACHC,58.69,11
YIBO,58.66,11
BAFN,58.65,11
MYND,58.48,11
UIS,58.44,11
HCAT,58.39,11
BRCB,58.38,11
KBSX,58.33,11
SCAG,58.33,11
GRABW,58.32,11
SUNE,58.13,11
SDM,58.12,11
AKBA,58.07,11
EOLS,58.02,11
SAGT,57.98,11
MODD,57.98,11
AMBR,57.9,11
DOCS,57.9,11
LCFY,57.82,10
QMCO,57.8,10
STUB,57.78,10
VTAK,57.72,10
LINK,57.72,10
MYNZ,57.71,10
GGR,57.71,10
SMR,57.68,10
LAKE,57.65,10
SNES,57.64,10
FISV,57.52,10
JCTC,57.48,10
HIHO,57.37,10
VERO,57.37,10
ELDN,57.36,10
CORT,57.3,10
CASI,57.28,10
RYET,57.27,10
CNVS,57.16,10
CANG,57.13,10
TRI,57.12,10
UPLD,57.04,10
SGLY,56.94,10
SGMO,56.91,10
GDRX,56.85,10
FSP,56.85,10
LGPS,56.67,10
GWH,56.61,10
NAVN,56.6,10
BULL,56.6,10
NNOX,56.59,10
RYM,56.57,10
BYRN,56.55,10
VERX,56.3,10
MYPS,56.27,10
VRNS,56.08,10
ATYR,55.99,10
INTA,55.99,10
EDSA,55.91,10
BMBL,55.88,10
XRX,55.88,10
HNST,55.86,10
VEEE,55.77,10
HMR,55.71,10
EMPD,55.7,10
ZSTK,55.67,10
ILAG,55.66,10
GENK,55.62,10
MWYN,55.55,10
SCNI,55.4,10
BGLC,55.34,10
OXBR,55.32,10
FWDI,55.31,10
SKLZ,55.3,10
CLVT,55.28,10
CNSP,55.25,10
TZOO,55.12,10
UK,55.12,10
TMDE,55.09,10
WTF,55.08,10
TLX,55.0,10
CFND,54.99,10
CPOP,54.94,10
HOWL,54.93,9
HUMA,54.88,9
NFE,54.85,9
SYNX,54.75,9
CURV,54.57,9
NTNX,54.55,9
JUNS,54.51,9
AI,54.48,9
NIPG,54.35,9
KLC,54.35,9
ZENV,54.35,9
PD,54.32,9
ADV,54.31,9
AMC,54.28,9
BBLG,54.25,9
LFVN,54.24,9
TNON,54.18,9
COCH,54.18,9
SPT,54.11,9
ATER,54.1,9
ONFO,54.09,9
KLAR,54.03,9
PHGE,53.98,9
SSKN,53.97,9
SKIL,53.91,9
INMB,53.89,9
CYCN,53.88,9
HIMS,53.88,9
IT,53.8,9
SOS,53.79,9
MYSZ,53.76,9
CHA,53.7,9
GTEC,53.67,9
ZJK,53.66,9
CRVL,53.62,9
TEAM,53.53,9
KRRO,53.5,9
CHPT,53.46,9
DFDVW,53.38,9
UFG,53.29,9
VENU,53.27,9
PSFE,53.27,9
MYO,53.25,9
LUCY,53.24,9
RC,53.23,9
VFSWW,53.12,9
TDTH,53.1,9
LENZ,53.09,9
CRCL,53.06,9
SLGB,52.93,9
KG,52.92,9
BRCC,52.91,9
ZEO,52.91,9
DWTX,52.87,9
DUO,52.86,9
HCWC,52.6,9
BANL,52.43,9
INLF,52.39,9
DKI,52.37,9
MARA,52.33,9
CVLT,52.29,9
IMNN,52.14,9
VNTG,52.05,9
VEEA,52.01,9
ANNA,51.94,8
AIRO,51.94,8
TGE,51.89,8
ARAY,51.85,8
WIX,51.78,8
PHR,51.77,8
GMGI,51.71,8
BTOC,51.6,8
ANEB,51.59,8
INEO,51.57,8
CRIS,51.56,8
SUIG,51.51,8
DTSS,51.51,8
VVOS,51.45,8
GIPR,51.42,8
IBTA,51.33,8
CDXS,51.18,8
USBC,51.17,8
BRBR,50.96,8
SBLX,50.91,8
LCID,50.88,8
QFIN,50.84,8
SORA,50.79,8
ENTX,50.76,8
RPD,50.72,8
GAMB,50.59,8
YSXT,50.56,8
AFCG,50.54,8
WKSP,50.52,8
PAR,50.52,8
CNCK,50.47,8
PHIO,50.46,8
SWVL,50.41,8
BQ,50.41,8
CCOI,50.22,8
JSPR,50.2,8
RAIN,50.15,8
ALTS,50.12,8
BETA,50.06,8
SMWB,50.06,8
MPU,49.99,8
GMM,49.98,8
VNRX,49.84,8
ALUR,49.84,8
FEAM,49.69,8
LFMD,49.69,8
ULY,49.62,8
SSII,49.51,8
WIMI,49.42,8
BLIN,49.39,8
GTBP,49.39,8
RZLT,49.37,8
BTQ,49.2,8
BDMD,49.13,8
CHSN,49.11,8
LEGN,49.04,8
AVXL,48.99,8
TJGC,48.88,8
LGVN,48.82,8
FATN,48.77,8
FBLG,48.75,8
CDTG,48.74,8
SLND,48.72,8
GAME,48.6,7
SABR,48.59,7
REE,48.57,7
RECT,48.5,7
NXXT,48.3,7
BIRD,48.25,7
NXGL,48.21,7
LSF,48.2,7
GSUN,48.15,7
MBIO,48.04,7
BLSH,47.78,7
EJH,47.75,7
JANX,47.66,7
CTW,47.61,7
PSNY,47.61,7
AUID,47.58,7
EHTH,47.56,7
DOMO,47.54,7
PMI,47.49,7
ATRA,47.48,7
TWG,47.33,7
NMAX,47.28,7
VBIX,47.26,7
HPP,47.19,7
BNGO,47.13,7
SLSN,47.1,7
SLAI,46.97,7
PULM,46.76,7
INUV,46.75,7
NKLR,46.72,7
PEW,46.61,7
SILO,46.56,7
TVRD,46.55,7
UP,46.3,7
RKDA,46.28,7
LX,46.07,7
TANH,46.06,7
SURG,46.03,7
LITS,45.95,7
DLXY,45.92,7
XGN,45.83,7
TLIH,45.81,7
FUBO,45.76,7
MNDY,45.72,7
FOFO,45.71,7
CVKD,45.61,7
ABTC,45.58,7
DTCX,45.54,7
NAMI,45.49,7
GOGO,45.47,7
WORX,45.31,7
MDCX,45.3,7
YOUL,45.29,7
PN,45.29,7
QH,45.27,7
XYF,45.25,7
DMRC,45.24,7
LNAI,45.24,7
DFLI,45.23,7
INM,45.2,7
DCGO,45.2,7
WBUY,45.19,7
DAVA,45.13,7
IPDN,45.06,7
VGAS,44.99,6
AIHS,44.93,6
DDC,44.91,6
ACH,44.9,6
GWAV,44.86,6
IMRN,44.79,6
STIM,44.78,6
ZIP,44.78,6
AGIG,44.76,6
TWAV,44.76,6
WCT,44.76,6
MLSS,44.75,6
RBNE,44.72,6
HUBS,44.68,6
FUSE,44.67,6
PRFX,44.53,6
TPET,44.35,6
SKYE,44.34,6
MSW,44.27,6
AIRS,44.19,6
BZFD,44.01,6
MYPSW,43.98,6
OLB,43.95,6
ASPN,43.92,6
TTD,43.79,6
FLD,43.72,6
CLIK,43.63,6
KNRX,43.6,6
GLMD,43.58,6
TIL,43.48,6
RTACW,43.43,6
ARTL,43.37,6
CMMB,43.35,6
EEIQ,43.35,6
GFAI,43.35,6
TAOP,43.22,6
BTCT,43.21,6
BJDX,43.21,6
CPHI,42.98,6
WLDS,42.97,6
MAMO,42.85,6
ELOG,42.8,6
AGMH,42.78,6
DEVS,42.76,6
VIA,42.68,6
PPBT,42.68,6
RVPH,42.67,6
THRY,42.65,6
TKNO,42.57,6
OGEN,42.56,6
HYFM,42.49,6
CMCT,42.49,6
BHAT,42.4,6
CENN,42.33,6
ATOS,42.32,6
CDLX,42.16,6
ADVB,42.11,6
PSNYW,41.98,6
PCLA,41.96,6
QVCGP,41.93,6
CJMB,41.85,6
CNEY,41.85,6
STKH,41.81,5
AUUD,41.81,5
ALIT,41.76,5
MSTR,41.75,5
RCT,41.74,5
QNTM,41.65,5
BTM,41.63,5
NCRA,41.61,5
BCAB,41.52,5
CAPS,41.46,5
DFSC,41.4,5
JZ,41.2,5
EUDA,40.79,5
MNTN,40.78,5
SNTI,40.66,5
NXL,40.61,5
MXCT,40.55,5
GOCO,40.02,5
XXI,39.89,5
HOLO,39.79,5
GDTC,39.65,5
SQNS,39.65,5
BFRG,39.6,5
XHLD,39.53,5
XAIR,39.5,5
BIVI,39.49,5
TBH,39.29,5
ZCMD,39.29,5
OM,39.25,5
TNMG,39.22,5
ITRM,39.21,5
ZOOZ,39.19,5
SCNX,39.13,5
WFF,39.09,5
WAI,39.0,5
APRE,38.91,5
ERNA,38.9,5
CISO,38.7,5
PSTV,38.58,5
TONX,38.47,5
ACCL,38.46,5
TOVX,38.43,5
DRMA,38.38,5
ITOC,38.28,5
LNZA,38.28,5
RVYL,38.17,5
YYGH,37.96,5
HXHX,37.94,5
ETS,37.78,5
SHPH,37.76,5
CUE,37.66,5
SQFT,37.61,5
AIM,37.42,5
EVH,37.25,5
GCL,37.18,5
XWEL,37.17,5
GLXG,36.96,5
RIME,36.93,5
EHGO,36.68,5
KWM,36.64,5
AIFU,36.38,5
FEED,36.35,5
LASE,36.12,5
ANGX,36.07,5
ADIL,35.94,5
BYND,35.65,4
SDOT,35.64,4
NEON,35.63,4
BNZI,35.54,4
DUOL,35.47,4
ISPC,35.4,4
TVGN,35.21,4
IQST,35.01,4
EXOD,34.98,4
ZJYL,34.97,4
GUTS,34.88,4
RITR,34.72,4
BCTX,34.67,4
ANY,34.67,4
BNKK,34.66,4
KITT,34.63,4
UGRO,34.62,4
ACXP,34.59,4
INDP,34.54,4
FLYE,34.46,4
JYD,34.39,4
NOMA,34.34,4
MSS,34.14,4
HTCR,33.92,4
IVDA,33.87,4
CYCU,33.85,4
BZAI,33.79,4
MKDW,33.79,4
SVRN,33.67,4
VRAX,33.65,4
SHFS,33.63,4
RVSN,33.5,4
CLDI,33.42,4
CREV,33.27,4
SRXH,33.22,4
LPSN,33.14,4
DEFT,33.11,4
UOKA,33.08,4
NCNA,33.0,4
PSQH,32.94,4
AIFF,32.94,4
ICU,32.89,4
GIBO,32.73,4
AEHL,32.66,4
CYN,32.62,4
OWLS,32.57,4
NVNI,32.52,4
WGRX,32.51,4
FIG,32.44,4
AGAE,32.24,4
NIXX,32.19,4
CANF,32.18,4
SONM,32.13,4
GLE,32.09,4
ORIS,31.94,4
ONCO,31.93,4
YYAI,31.81,4
VSTD,31.8,4
GEMI,31.79,4
SEAT,31.71,4
STSS,31.64,4
SLXN,31.44,4
WETO,31.38,4
FGNX,31.3,3
LXEH,31.21,3
TIVC,31.2,3
MLGO,31.18,3
YAAS,31.16,3
NCPL,30.93,3
LYRA,30.92,3
RMSG,30.91,3
FRSX,30.88,3
LZMH,30.82,3
RXT,30.72,3
ENVB,30.68,3
VSEE,30.56,3
TMCI,30.54,3
GPUS,30.44,3
GENVR,30.33,3
STFS,30.29,3
AMZE,30.27,3
WKHS,30.25,3
PTLE,30.09,3
AMIX,30.06,3
MSGY,29.98,3
CWD,29.98,3
UPXI,29.82,3
MRNO,29.78,3
PCSA,29.66,3
TURB,29.62,3
EVGOW,29.52,3
GP,29.51,3
BMGL,29.27,3
AIIO,29.19,3
MVO,29.16,3
RBOT,29.07,3
ACON,29.05,3
RSVRW,28.98,3
SMTK,28.9,3
REED,28.36,3
GNTA,28.35,3
TPST,28.25,3
ORGN,28.18,3
KALA,28.17,3
SOAR,27.98,3
LGCL,27.9,3
MOBX,27.9,3
AZTR,27.88,3
NCEL,27.88,3
STAK,27.87,3
MSAI,27.81,3
HSDT,27.81,3
TGHL,27.75,3
SEGG,27.67,3
SBEV,27.61,3
HCHL,27.61,3
DXF,27.58,3
JXG,27.57,3
GNPX,27.55,3
ZNB,27.54,3
BGL,27.54,3
BTTC,27.53,3
BGMS,27.48,3
OTLK,27.46,3
FRMI,27.38,3
OFAL,27.33,3
MLEC,27.27,3
SQFTP,27.13,2
TEAD,27.07,2
NOTV,27.01,2
WYHG,26.98,2
BIYA,26.95,2
HCAI,26.69,2
DSY,26.67,2
YMAT,26.66,2
GDHG,26.66,2
LHSW,26.57,2
IOBT,26.46,2
MNDR,26.29,2
GNLN,26.12,2
EZGO,25.95,2
STKE,25.9,2
AEMD,25.89,2
ABP,25.74,2
IBG,25.73,2
NUKK,25.63,2
RPGL,25.59,2
ALBT,25.51,2
CHAI,25.35,2
CRE,25.25,2
MASK,25.19,2
CXAI,25.02,2
CALC,24.85,2
FCHL,24.74,2
ARAI,24.67,2
FTFT,24.63,2
MBRX,24.55,2
IPW,24.41,2
AGPU,24.26,2
MNTS,24.2,2
SOBR,24.14,2
LMFA,23.69,2
CURX,23.58,2
ZYBT,23.4,2
ENSC,23.36,2
CDIO,23.32,2
PIII,23.3,2
AKTX,23.18,2
AZI,23.1,2
BNBX,22.94,2
HIND,22.94,2
NAKA,22.8,2
MIGI,22.75,2
CUPR,22.69,2
MYSEW,22.66,2
BRLS,22.51,2
NISN,22.23,2
AMPGW,22.06,2
ETHZ,21.98,2
OLOX,21.97,2
BRR,21.94,2
BIAF,21.8,2
BIOX,21.75,2
TSE,21.73,2
CSAI,21.71,2
GCTK,21.6,2
PFSA,21.59,2
LESL,21.5,2
JEM,21.25,2
HCWB,21.11,2
ZONE,21.09,1
PAPL,20.83,1
ZSPC,20.79,1
NVNO,20.77,1
JAGX,20.6,1
MREO,20.48,1
CETY,19.99,1
SEV,19.74,1
ENGS,19.49,1
BOXL,19.48,1
RETO,19.27,1
CDT,19.27,1
NOTE,19.22,1
REVB,19.14,1
DTCK,19.03,1
EDHL,18.7,1
EPSM,18.49,1
FCUV,18.38,1
AVX,18.26,1
MTVA,18.24,1
MGRX,18.02,1
BNRG,17.95,1
BDRX,17.88,1
TGL,17.87,1
NTCL,17.76,1
NITO,17.75,1
VTGN,17.41,1
SLMT,17.1,1
PASW,17.09,1
FGL,16.82,1
BTOG,16.8,1
XXII,16.69,1
WXM,16.62,1
SLE,16.55,1
CETX,16.54,1
TRUG,16.42,1
EDBL,16.41,1
EZRA,16.39,1
FMFC,16.36,1
SVRE,16.28,1
FRGT,16.22,1
SGN,15.75,1
BYAH,15.73,1
TDIC,15.72,1
LHAI,15.57,1
RNWWW,15.57,1
KUST,15.56,1
BGM,15.52,1
ICON,15.52,1
HURA,15.51,1
GOVX,15.43,1
ELPW,15.38,1
AIXI,14.85,1
SPRC,14.63,1
AGRZ,14.39,1
APVO,14.34,1
GAUZ,14.32,1
KIDZ,14.29,1
GVH,14.01,1
NCL,13.66,1
ELME,13.56,1
RENX,13.56,1
VCIG,13.47,1
IVF,13.02,1
DGNX,12.69,0
RAYA,12.6,0
JFBR,12.44,0
SAFX,12.3,0
NXTT,12.11,0
IMG,11.74,0
TRNR,11.7,0
MENS,11.64,0
NCT,11.2,0
DCOY,11.01,0
QNCX,10.97,0
NVVE,10.83,0
STAI,10.78,0
AKAN,9.99,0
PPCB,9.9,0
DOGZ,9.46,0
ASBP,9.06,0
ATON,8.94,0
IPST,8.88,0
MIMI,8.67,0
CCHH,8.54,0
HUBC,8.31,0
CHR,7.97,0
ASNS,7.91,0
WHLR,7.74,0
YDKG,7.62,0
MEHA,7.02,0
LGHL,6.87,0
DRCT,6.48,0
ELAB,6.42,0
FTEL,6.42,0
DAIC,6.29,0
TIRX,6.1,0
WTO,6.1,0
ATPC,5.98,0
CCTG,5.96,0
JTAI,5.9,0
JZXN,5.47,0
ADTX,5.25,0
HCTI,5.07,0
POM,5.04,0
GRI,4.96,0
ARBK,4.78,0
CMND,4.75,0
NIVF,4.62,0
CHOW,4.53,0
THH,4.32,0
DCX,3.54,0
XTKG,3.52,0
VSA,3.49,0
VMAR,3.13,0
INHD,3.03,0
INTJ,2.78,0
SXTC,2.66,0
LRHC,2.65,0
KXIN,2.63,0
CISS,2.61,0
PBM,2.14,0
AREB,1.88,0
RUBI,1.68,0
PAVS,1.5,0
OCG,0.26,0
MTEN,0.22,0
WOK,0.16,0
