ticker,score,RS
BATL,836.04,99
SNDK,765.85,99
BVC,729.51,99
RLMD,628.2,99
ERAS,561.35,99
BW,532.66,99
TERN,520.38,99
EDSA,497.39,99
ABVX,492.67,99
ROMA,471.15,99
HYMC,453.95,99
SLGL,423.26,99
LITE,410.81,99
FIEE,394.45,99
XWIN,392.61,99
ANRO,366.9,99
TNGX,357.62,99
ALMS,349.53,99
ANTX,348.92,99
MTC,345.32,99
NUAI,339.53,99
OPTX,335.45,99
ANL,324.98,99
VSME,324.03,99
IPSC,313.56,99
CELC,308.95,99
PRAX,308.74,99
NBTX,304.94,99
TII,304.05,99
PL,299.43,99
ALM,293.16,99
LASR,292.37,99
IMMX,287.38,99
KORE,286.74,99
DMRA,285.43,99
SNSE,280.61,99
MAMK,278.77,99
WDC,278.0,99
AAOI,277.16,99
STTK,276.43,99
AMPX,270.4,99
NERV,267.12,99
BE,264.11,99
IBRX,261.71,99
BIOA,261.7,99
MCTA,259.68,99
LWLG,258.75,99
IRD,257.13,99
ALTO,256.98,99
CNTX,256.72,99
NRXS,254.48,99
PVLA,254.21,99
CIEN,250.43,99
NCI,250.35,99
OVID,249.28,99
FSLY,247.38,99
WATT,246.64,99
CTMX,245.11,99
QTTB,243.54,99
SLS,242.69,98
ARMP,238.76,98
MU,238.43,98
JFB,237.39,98
ENLT,235.32,98
SIF,232.6,98
ONDS,232.18,98
TYGO,229.69,98
CLYM,228.62,98
EONR,228.51,98
SCZM,227.57,98
VSAT,226.4,98
VICR,225.91,98
ISSC,225.2,98
SPRB,223.35,98
DAWN,221.69,98
NAUT,221.44,98
NKTR,221.09,98
PRLD,218.77,98
TE,218.69,98
DNTH,218.07,98
COGT,218.01,98
PARR,217.21,98
LVLU,216.63,98
AP,215.22,98
TYRA,214.52,98
TRX,214.35,98
ORKA,214.2,98
TSEM,213.82,98
BUUU,212.68,98
ZURA,212.18,98
UAMY,211.84,98
RHLD,210.12,98
ANAB,209.86,98
MAGH,209.81,98
MAZE,209.12,98
PHOE,208.83,98
CAPR,208.3,98
SOGP,208.24,98
STX,208.0,98
KOD,207.21,98
INBX,206.14,98
CVGI,204.25,98
DBVT,203.24,98
VIAV,202.63,98
SSL,199.39,98
ESLT,198.98,98
LONA,198.58,98
PZG,197.7,98
ALOY,197.43,98
DFDV,197.34,98
PEPG,196.51,98
PRPO,195.81,98
SEDG,195.08,98
LPTH,194.68,98
LSTA,193.93,98
COHR,192.8,98
FORM,192.73,98
TLYS,191.86,98
ICHR,191.79,97
ATLN,191.28,97
LBRT,190.54,97
PRE,190.05,97
FET,189.99,97
AGX,189.98,97
ABTS,189.76,97
PUMP,189.36,97
FIX,189.34,97
CRVS,188.79,97
OMH,188.69,97
WBX,187.94,97
SKYT,187.1,97
USAS,186.97,97
ARIS,186.95,97
AAUC,186.27,97
MBX,186.19,97
TTMI,185.74,97
TER,185.42,97
INTG,184.98,97
ANNA,184.08,97
SATS,183.39,97
SII,183.25,97
EMPG,182.9,97
CMTV,182.54,97
RDGT,182.29,97
KRMN,182.13,97
ASTS,182.02,97
PALI,182.01,97
AGCC,181.5,97
DOCN,180.41,97
GTE,180.25,97
OIS,179.07,97
AREC,178.41,97
NCSM,178.14,97
XWEL,177.53,97
PACS,177.5,97
PBF,177.32,97
MSGM,177.21,97
THM,176.41,97
OCGN,176.38,97
KOS,175.52,97
ATRO,175.47,97
FIGS,175.41,97
AEHR,175.2,97
BWAY,175.1,97
ELA,174.99,97
GLSI,174.91,97
CNTB,174.82,97
YDDL,174.65,97
ADAG,174.32,97
STAK,174.24,97
RLAY,174.05,97
EQ,173.03,97
STRO,172.93,97
PLTS,172.72,97
UCTT,172.56,97
AMLX,172.36,97
CGON,172.19,96
CING,172.15,96
LPCN,172.11,96
KEN,172.1,96
SJ,172.02,96
LRCX,171.94,96
TURB,171.92,96
AG,171.83,96
VELO,171.65,96
VRT,171.43,96
AEIS,171.23,96
EFXT,171.04,96
INTT,170.87,96
SIDU,170.54,96
BLTE,170.43,96
ACLX,170.33,96
EQNR,170.11,96
AVIR,169.69,96
VAL,169.25,96
TOI,169.18,96
RMCO,169.18,96
WULF,169.06,96
SYRE,168.98,96
RVMD,168.91,96
ROIV,168.91,96
EKSO,168.67,96
LXU,168.65,96
ACXP,168.5,96
LINC,168.06,96
AHG,167.52,96
MGN,167.33,96
EFTY,167.32,96
POWL,166.67,96
TMDE,165.87,96
STOK,165.69,96
GPRE,165.59,96
TOYO,165.4,96
UUUU,164.99,96
TRON,164.91,96
AGRO,164.84,96
APEI,164.74,96
SHMD,164.71,96
GLUE,164.63,96
DK,164.12,96
BNR,164.09,96
TIGO,164.0,96
ODYS,163.8,96
TXMD,163.63,96
RYDE,163.59,96
NBIS,163.39,96
BKD,163.36,96
RLYB,163.28,96
SEI,163.21,96
GRNQ,163.2,96
NRT,162.72,96
ASM,162.63,96
TENX,162.47,96
WTI,162.4,96
NGL,162.38,96
CENX,162.34,95
PTGX,162.34,95
TRT,162.33,95
VISN,162.31,95
NESR,162.11,95
AUGO,162.1,95
ASTI,161.93,95
NVTS,161.56,95
PTEN,161.26,95
VET,161.0,95
DFTX,160.93,95
IREN,160.71,95
VG,160.61,95
SIFY,160.49,95
NBR,160.16,95
STRL,159.97,95
DSGN,159.88,95
GITS,159.84,95
ARWR,159.81,95
MGNX,159.67,95
TEN,159.59,95
HL,159.14,95
NNNN,159.09,95
CAMT,159.09,95
DRTS,158.93,95
DHC,158.79,95
AMAT,158.71,95
APA,158.61,95
FIVE,158.56,95
CURR,158.39,95
FTI,158.32,95
GILT,158.11,95
VIST,157.91,95
SRZN,157.8,95
IMOS,157.74,95
BTU,157.41,95
AEVA,157.4,95
NXT,157.23,95
MRNA,157.09,95
MKSI,156.99,95
GLW,156.6,95
ATI,156.6,95
ABOS,156.47,95
GSAT,156.09,95
KTOS,155.73,95
ALXO,155.48,95
NAT,155.43,95
HII,155.24,95
INNV,155.09,95
AFJK,155.09,95
CMBM,155.08,95
SPRU,154.71,95
FLNT,154.54,95
RIG,154.41,95
PDC,154.39,95
MTZ,154.33,95
SPHR,154.3,95
CYD,154.29,95
HSHP,154.16,94
SPRO,153.96,94
KYTX,153.94,94
E,153.75,94
ADEA,153.72,94
EXAS,153.61,94
ASX,153.52,94
SVM,153.38,94
UUU,153.33,94
DZZ,153.12,94
CGAU,152.56,94
APLD,152.26,94
PDS,152.03,94
PTNM,151.66,94
BDSX,151.6,94
JFU,151.58,94
YOU,151.54,94
WDS,151.14,94
RYAM,151.12,94
GEV,150.87,94
WBD,150.43,94
HLF,150.02,94
TSHA,149.94,94
LAR,149.86,94
EGY,149.74,94
IMNM,149.72,94
TGB,149.7,94
NEWP,149.64,94
KF,149.53,94
SND,149.47,94
INDV,149.28,94
TALO,149.0,94
CSTM,148.87,94
ECG,148.8,94
NE,148.72,94
ELVA,148.71,94
CRCL,148.61,94
OMER,148.61,94
LQDA,148.6,94
AMTX,148.13,94
VLO,148.09,94
GHM,148.03,94
WHWK,147.91,94
EC,147.79,94
PKST,147.33,94
EDRY,147.32,94
CNQ,147.31,94
ROLR,147.26,94
ALB,147.25,94
AXG,147.05,94
SIMO,146.97,94
RKLB,146.92,94
ZBIO,146.86,94
EHAB,146.72,94
CF,146.57,94
TECX,146.49,94
UI,146.34,94
ACRS,146.31,94
LIDR,146.31,94
PED,146.19,93
BTE,145.98,93
TSAT,145.91,93
PPTA,145.77,93
TPC,145.25,93
ZEPP,145.08,93
ELVR,145.05,93
MOVE,144.89,93
SU,144.73,93
RFIL,144.57,93
NVMI,144.54,93
NUTR,144.43,93
TRVI,144.41,93
AMKR,144.36,93
MGRT,144.31,93
OSS,144.22,93
IMO,144.21,93
GORO,144.17,93
DTIL,144.1,93
SY,144.09,93
ECO,143.95,93
SKE,143.94,93
APLM,143.86,93
SCHL,143.79,93
CVE,143.66,93
HOVR,143.55,93
HUT,143.49,93
DAR,143.38,93
ZNTL,143.24,93
NCEW,143.18,93
ELVN,143.16,93
TALK,143.14,93
NPT,143.14,93
MOD,143.13,93
EVTV,143.13,93
OBE,143.03,93
DAN,142.63,93
APYX,142.46,93
PWR,142.45,93
LITB,142.43,93
KNSA,142.43,93
TPL,142.38,93
LXRX,142.35,93
ESEA,142.34,93
SNDX,142.29,93
TAYD,142.15,93
TAOX,142.13,93
BODI,142.01,93
SLDB,142.0,93
MTSI,141.92,93
IAG,141.91,93
FLNC,141.68,93
UAN,141.6,93
KLAC,141.46,93
RCAT,141.44,93
NEGG,141.38,93
CLMT,141.02,93
FN,140.93,92
CVI,140.93,92
VFF,140.9,92
SBSW,140.9,92
CYPH,140.84,92
IPGP,140.78,92
ATEX,140.66,92
FOSL,140.45,92
INSW,140.18,92
CGEM,140.04,92
KEYS,140.03,92
BKSY,139.97,92
OLMA,139.95,92
PBR,139.93,92
FRO,139.89,92
CCO,139.56,92
ANDE,139.54,92
KGS,139.51,92
TS,139.49,92
BVN,139.37,92
PKE,139.3,92
OIO,139.21,92
KYMR,139.2,92
CW,139.17,92
CHCI,139.06,92
GPCR,139.03,92
NOK,139.01,92
IVA,138.96,92
ANNX,138.86,92
ALNT,138.84,92
EWTX,138.7,92
EZPW,138.66,92
INTC,138.64,92
FOLD,138.52,92
TROO,138.37,92
CV,138.28,92
COKE,138.21,92
TMQ,138.16,92
PMN,138.13,92
RCUS,138.05,92
SQM,138.01,92
PURR,137.85,92
MYRG,137.82,92
IMUX,137.8,92
HBNB,137.79,92
PBYI,137.74,92
BTSG,137.66,92
PR,137.65,92
FTAI,137.52,92
VNDA,137.5,92
HP,137.31,92
CRS,137.28,92
SUNE,137.22,92
GCT,137.21,92
CAT,137.15,92
IPI,137.02,92
MCRP,137.01,92
WWD,137.0,92
NEXA,136.92,92
DCO,136.89,92
INDO,136.84,91
ADCT,136.81,91
XENE,136.77,91
REI,136.62,91
MUX,136.58,91
BFLY,136.53,91
PAHC,136.52,91
ACDC,136.43,91
OPEN,136.12,91
IRWD,135.99,91
VIR,135.95,91
CDE,135.93,91
SSP,135.93,91
APGE,135.86,91
THR,135.74,91
BIAF,135.67,91
ELAN,135.65,91
BG,135.63,91
SLAB,135.6,91
DNN,135.47,91
TTE,135.34,91
SABS,135.3,91
GRDN,135.24,91
TPET,135.23,91
IHS,135.22,91
RCKY,135.18,91
LUNR,135.11,91
AA,135.04,91
PLPC,135.02,91
NVRI,134.81,91
HAL,134.75,91
SWBI,134.74,91
RILY,134.72,91
KLIC,134.49,91
ESP,134.44,91
LNZA,134.37,91
NXE,134.18,91
UNF,134.16,91
NVA,134.08,91
LYB,134.06,91
BCAX,134.05,91
SVCO,133.99,91
FEIM,133.94,91
GASS,133.88,91
VTVT,133.84,91
CREX,133.82,91
HLX,133.66,91
BKTI,133.62,91
XOM,133.62,91
CIFR,133.35,91
OVV,133.34,91
PBT,133.34,91
ASML,133.33,91
QUIK,133.31,91
AXGN,133.26,91
CCJ,133.17,91
ARTV,133.16,91
FBRX,133.12,91
CATX,133.07,90
DWSN,133.06,90
REX,133.05,90
EPRX,133.02,90
OKUR,132.98,90
LGVN,132.95,90
ZIM,132.88,90
SLSR,132.83,90
OII,132.8,90
TCRT,132.78,90
MPC,132.72,90
DHT,132.54,90
SSRM,132.51,90
DOW,132.49,90
AU,132.45,90
DVN,132.4,90
ATNI,132.02,90
OXY,131.98,90
ECPG,131.97,90
HCC,131.79,90
AGH,131.68,90
LHX,131.68,90
ENS,131.67,90
ALLO,131.67,90
ESOA,131.65,90
VRA,131.6,90
SB,131.43,90
DGP,131.43,90
PARK,131.41,90
SHIP,131.3,90
AROC,131.28,90
AMPY,131.22,90
LNG,131.22,90
IOVA,131.2,90
KALV,131.0,90
SION,130.95,90
CNL,130.9,90
KVHI,130.87,90
LRMR,130.85,90
SDRL,130.7,90
CALY,130.67,90
KGC,130.66,90
MUR,130.64,90
COP,130.59,90
GPRK,130.54,90
MEOH,130.53,90
KRYS,130.52,90
ASMB,130.48,90
IONS,130.47,90
CHRD,130.44,90
NPKI,130.43,90
ETON,130.36,90
GLNG,130.25,90
PSX,130.21,90
IRMD,130.15,90
MAMA,130.11,90
SPIR,130.1,90
BBIO,130.07,90
GLDD,130.06,90
ORMP,130.02,89
KMT,130.01,89
GSIT,130.0,89
DINO,130.0,89
UMAC,129.96,89
NYT,129.96,89
MITK,129.96,89
IMTX,129.94,89
TBN,129.9,89
SEB,129.81,89
REED,129.7,89
TK,129.6,89
FCFS,129.53,89
NYAX,129.52,89
CLDX,129.52,89
CNR,129.51,89
ENTA,129.41,89
CMP,129.41,89
ROST,129.3,89
SEPN,129.26,89
DRD,129.19,89
CBUS,129.16,89
ASA,129.15,89
LGN,129.15,89
GRCE,129.14,89
ELPC,129.11,89
TCMD,129.02,89
ESCA,128.93,89
UNCY,128.86,89
BWXT,128.8,89
PLAB,128.77,89
YPF,128.71,89
NGEN,128.67,89
CACI,128.66,89
DELL,128.64,89
MGY,128.59,89
AYTU,128.47,89
ORLA,128.36,89
CDNL,128.36,89
DJP,128.3,89
LOCO,128.28,89
CAMP,128.27,89
IMRX,128.26,89
UGP,128.23,89
TMC,128.2,89
PRSO,128.14,89
MSGS,128.13,89
NGS,128.08,89
TEVA,128.02,89
GOLD,128.02,89
DTI,127.97,89
PDFS,127.97,89
SYPR,127.97,89
BORR,127.88,89
CTRA,127.88,89
AIP,127.86,89
CRGY,127.84,89
ESE,127.75,89
RBKB,127.74,88
BP,127.73,88
CODA,127.72,88
IDN,127.65,88
SHG,127.58,88
VOXR,127.48,88
CGEN,127.45,88
LMT,127.43,88
NOC,127.12,88
ANIK,127.12,88
LGND,127.06,88
TNK,127.06,88
HURA,127.01,88
SSBI,126.96,88
CITR,126.96,88
MASS,126.9,88
LEE,126.89,88
CRML,126.81,88
TPH,126.8,88
KEP,126.78,88
NMRA,126.71,88
AMD,126.66,88
SMTC,126.57,88
FDX,126.55,88
OPXS,126.51,88
MIRM,126.5,88
PLXS,126.41,88
PXS,126.39,88
NVT,126.38,88
IBO,126.37,88
VIV,126.34,88
CVX,126.32,88
TDW,126.26,88
NTR,126.26,88
CECO,126.26,88
ESTA,126.22,88
NMM,126.17,88
ACTG,126.16,88
WTTR,126.16,88
DIBS,126.11,88
GFR,126.03,88
AAMI,126.01,88
EYE,125.97,88
NATR,125.96,88
CPSH,125.93,88
SD,125.89,88
KB,125.88,88
IBIO,125.74,88
LBRX,125.73,88
NHC,125.69,88
TXG,125.67,88
SHEL,125.67,88
VVX,125.55,88
CMRE,125.5,88
SOC,125.41,88
BAP,125.4,88
ELE,125.38,88
NG,125.37,88
FDMT,125.36,87
ELLO,125.36,87
CLS,125.36,87
CIB,125.34,87
WRN,125.34,87
AIR,125.31,87
HWM,125.3,87
HYFT,125.3,87
ONTO,125.24,87
FANG,125.22,87
EGO,125.21,87
CAH,125.14,87
VOD,125.13,87
MGLD,125.04,87
IESC,124.89,87
BETR,124.89,87
FTK,124.88,87
RRBI,124.77,87
PTN,124.76,87
WF,124.74,87
SOLS,124.71,87
FTW,124.7,87
CMTL,124.69,87
CRC,124.68,87
RBC,124.63,87
TDAY,124.58,87
CABR,124.53,87
UTI,124.52,87
DRS,124.51,87
NEM,124.49,87
STNG,124.46,87
AKAM,124.37,87
PLOW,124.35,87
OBIO,124.32,87
RES,124.3,87
GTX,124.25,87
CNTA,124.15,87
BCRX,124.1,87
ONTF,124.08,87
TRDA,124.05,87
SKM,123.99,87
ERIC,123.9,87
HBM,123.89,87
TRGP,123.88,87
BWA,123.81,87
PDEX,123.74,87
RTX,123.74,87
VGZ,123.72,87
UVE,123.69,87
GRC,123.67,87
DBRG,123.67,87
JNJ,123.59,87
AR,123.46,87
TROX,123.39,87
SA,123.18,87
MOBX,123.14,87
CASY,123.13,87
MTA,123.1,87
MG,123.09,87
EME,123.06,86
KEX,123.05,86
RCG,123.0,86
INVX,122.94,86
ASYS,122.94,86
ECVT,122.93,86
PSIG,122.87,86
ELDN,122.87,86
GH,122.84,86
REPX,122.82,86
YI,122.79,86
COHU,122.77,86
GSL,122.7,86
AM,122.68,86
TTI,122.66,86
DY,122.6,86
PRIM,122.58,86
TSM,122.57,86
BKR,122.57,86
CEPU,122.53,86
XTIA,122.51,86
JOB,122.5,86
CMPX,122.48,86
MBBC,122.47,86
ZYME,122.46,86
TWN,122.45,86
JAZZ,122.33,86
TIMB,122.26,86
XPRO,122.21,86
CTRN,122.14,86
XBIO,122.14,86
ELTX,122.11,86
CNTN,122.05,86
VERA,122.0,86
SVRA,121.98,86
SCCO,121.95,86
ASC,121.93,86
PLSE,121.91,86
VRDN,121.77,86
BOTJ,121.71,86
NRGV,121.67,86
CWEN,121.66,86
TNDM,121.62,86
JLHL,121.61,86
TGS,121.57,86
DAVE,121.55,86
ENSG,121.54,86
OUT,121.54,86
LTRX,121.52,86
TPR,121.51,86
HCSG,121.43,86
MTDR,121.43,86
PNRG,121.34,86
RRC,121.33,86
KLXE,121.32,86
ACMR,121.27,86
CHRW,121.26,86
IRDM,121.25,86
HRTG,121.24,86
ITRN,121.22,85
MEGL,121.19,85
MRK,121.1,85
IDYA,121.02,85
PAAS,121.02,85
RPRX,120.98,85
SOBO,120.97,85
PPIH,120.84,85
RSVR,120.68,85
AEM,120.68,85
EDIT,120.64,85
SM,120.64,85
ATLO,120.62,85
SOPH,120.59,85
OCC,120.58,85
BMNR,120.51,85
MT,120.44,85
B,120.43,85
UBCP,120.41,85
UTHR,120.3,85
PSMT,120.28,85
ASRV,120.25,85
CTRI,120.22,85
SMSI,120.21,85
CLST,120.15,85
CRWV,120.15,85
BOF,120.12,85
DRUG,120.09,85
BHE,120.01,85
NOV,120.01,85
STRS,119.94,85
SLI,119.93,85
EQT,119.92,85
BWMX,119.87,85
XPO,119.86,85
VRE,119.81,85
DLX,119.8,85
LNKS,119.8,85
EXK,119.79,85
SBS,119.73,85
PMVP,119.71,85
MCK,119.71,85
CLLS,119.63,85
AHR,119.62,85
AMX,119.59,85
CGNX,119.57,85
BGR,119.56,85
LB,119.49,85
LAUR,119.44,85
CVU,119.43,85
ORIC,119.41,85
HCA,119.4,85
OCS,119.39,85
GNRC,119.38,85
VPG,119.3,85
TRP,119.3,85
EDAP,119.28,85
VALN,119.22,85
EWCZ,119.17,84
CNX,119.16,84
HAFN,119.15,84
NVAX,119.12,84
AENT,119.11,84
MPWR,119.11,84
SATL,119.09,84
MRCY,119.03,84
SLN,119.02,84
KZR,119.02,84
VSEC,119.02,84
AMG,119.0,84
ASND,118.98,84
MOB,118.92,84
NBP,118.89,84
ULS,118.88,84
PEO,118.86,84
ANDG,118.86,84
NWPX,118.85,84
IMPP,118.85,84
PRTS,118.81,84
EIX,118.8,84
OMEX,118.8,84
DSX,118.73,84
PRA,118.72,84
EOG,118.7,84
CBOE,118.68,84
SFL,118.67,84
CQP,118.64,84
NEXT,118.63,84
DAC,118.6,84
MYE,118.57,84
PAGP,118.55,84
UMC,118.53,84
WLK,118.53,84
HAS,118.39,84
BEP,118.37,84
AUPH,118.33,84
DBD,118.27,84
JBL,118.24,84
ERO,118.23,84
DNLI,118.19,84
UCIB,118.19,84
DYN,118.16,84
LGCY,118.16,84
LMND,118.11,84
SUN,118.11,84
LSCC,118.1,84
TRMD,118.03,84
CMBT,117.96,84
ORA,117.96,84
LPG,117.89,84
GNK,117.87,84
AGI,117.86,84
AVAL,117.81,84
MP,117.77,84
CPAC,117.76,84
WSBK,117.74,84
HLIO,117.7,84
DGII,117.65,83
EVAX,117.64,83
NPK,117.59,83
GOOG,117.55,83
WMB,117.55,83
ADI,117.5,83
FLNG,117.47,83
BAR,117.46,83
VOC,117.43,83
SUNC,117.41,83
GEVO,117.37,83
MATX,117.36,83
WILC,117.36,83
SSSS,117.34,83
KALU,117.32,83
EA,117.3,83
MSGE,117.25,83
ARQT,117.23,83
FNWD,117.2,83
GLBS,117.17,83
LNTH,117.14,83
KMI,117.12,83
EVMN,117.12,83
COHN,117.06,83
APH,116.99,83
IAUX,116.98,83
LCTX,116.97,83
CRBU,116.95,83
WSR,116.9,83
CAVA,116.88,83
VALE,116.86,83
DG,116.83,83
EYPT,116.81,83
PYPD,116.81,83
PKBK,116.79,83
ISBA,116.69,83
ABX,116.68,83
LIND,116.67,83
ADTN,116.59,83
BANL,116.57,83
ADUR,116.55,83
LFUS,116.52,83
SXI,116.51,83
TAK,116.46,83
CABA,116.44,83
GEL,116.4,83
NXST,116.37,83
TARA,116.33,83
HG,116.31,83
TD,116.31,83
GSK,116.31,83
CMI,116.3,83
NEE,116.3,83
GLRE,116.3,83
MXC,116.16,83
CM,116.07,83
ZTO,116.06,83
JCI,116.04,82
COCO,116.04,82
SBLK,115.99,82
DTM,115.92,82
BKV,115.9,82
PAA,115.82,82
HTHT,115.81,82
OUST,115.8,82
DIOD,115.76,82
UEC,115.71,82
ALMU,115.65,82
PODC,115.61,82
GFI,115.57,82
APG,115.56,82
PBA,115.56,82
KOP,115.56,82
CC,115.55,82
SRRK,115.54,82
YJ,115.53,82
LMAT,115.52,82
VZ,115.51,82
UNFI,115.48,82
PEN,115.47,82
VMD,115.47,82
ADM,115.46,82
NML,115.45,82
HE,115.38,82
TEO,115.36,82
AVTX,115.36,82
MCY,115.33,82
PHAT,115.32,82
KZIA,115.31,82
SLB,115.28,82
IFS,115.27,82
BIIB,115.19,82
NRP,115.13,82
APUS,115.05,82
BPRE,115.05,82
LSAK,115.05,82
EPSN,115.03,82
GROY,114.96,82
STKL,114.94,82
DKL,114.89,82
TFPM,114.85,82
LOOP,114.79,82
VIRT,114.79,82
MUSA,114.76,82
STGW,114.76,82
VTOL,114.72,82
CRT,114.66,82
NWN,114.6,82
PHAR,114.58,82
LCUT,114.58,82
USAR,114.52,82
KW,114.51,82
SITM,114.5,82
ABEV,114.5,82
CME,114.49,82
PVL,114.49,82
BLDP,114.44,82
NSA,114.42,81
TWST,114.41,81
NN,114.41,81
BURL,114.4,81
MASI,114.36,81
GRO,114.35,81
RIO,114.32,81
XPL,114.31,81
JBHT,114.29,81
VSCO,114.28,81
VNOM,114.27,81
FNV,114.27,81
MD,114.25,81
CRK,114.24,81
SIG,114.23,81
NATL,114.2,81
Q,114.19,81
ABAT,114.16,81
AVBC,114.1,81
EQIX,114.05,81
PCVX,114.05,81
RRX,114.01,81
ATMP,113.97,81
EVC,113.96,81
QBTS,113.94,81
GILD,113.92,81
RMCF,113.87,81
WBI,113.85,81
RAPP,113.85,81
FONR,113.84,81
NVS,113.76,81
PSTL,113.73,81
FHI,113.68,81
LION,113.67,81
HASI,113.61,81
RNG,113.61,81
EE,113.59,81
NET,113.49,81
INR,113.48,81
PHVS,113.46,81
TR,113.4,81
ZVRA,113.39,81
MBOT,113.32,81
NXTC,113.31,81
IE,113.31,81
TWIN,113.27,81
GM,113.25,81
BLFY,113.15,81
SYM,113.09,81
ITUB,113.01,81
BCH,112.99,81
USAC,112.98,81
NC,112.97,81
WPM,112.95,81
WFRD,112.91,81
JOE,112.9,81
EPD,112.9,81
GMED,112.89,81
LYEL,112.8,80
MBAI,112.79,80
ISOU,112.76,80
IMDX,112.75,80
BOSC,112.74,80
ACHC,112.73,80
KR,112.72,80
ATMU,112.72,80
ENTG,112.69,80
RERE,112.67,80
SAN,112.66,80
GD,112.63,80
ABVC,112.63,80
CYTK,112.62,80
BAK,112.61,80
ENB,112.59,80
CE,112.59,80
PNTG,112.58,80
GOLF,112.57,80
WAB,112.55,80
CLH,112.54,80
MNST,112.54,80
EMO,112.53,80
NGG,112.53,80
HSY,112.51,80
NPO,112.44,80
AXIA,112.38,80
OVBC,112.36,80
NTCT,112.36,80
VXZ,112.35,80
TRC,112.35,80
DLPN,112.32,80
TDY,112.27,80
VTRS,112.26,80
MOV,112.26,80
CSGS,112.22,80
NGVT,112.21,80
AMRX,112.2,80
STM,112.18,80
USFD,112.14,80
NTLA,112.13,80
RNR,112.13,80
GNL,112.11,80
FNGD,112.09,80
ARLP,112.06,80
TCBS,112.06,80
WELL,111.97,80
MLYS,111.94,80
ASTE,111.93,80
BBDO,111.93,80
RCI,111.93,80
NFG,111.91,80
SEE,111.87,80
TATT,111.86,80
DEC,111.83,80
ARW,111.83,80
CELH,111.79,80
CRUS,111.79,80
AXSM,111.79,80
BHP,111.76,79
EGG,111.76,79
DLTH,111.75,79
PLUG,111.73,79
TH,111.73,79
CTVA,111.71,79
ESI,111.68,79
BSAC,111.68,79
SLDP,111.66,79
AEP,111.66,79
KMDA,111.61,79
SPNT,111.6,79
VYNE,111.58,79
EQX,111.58,79
PAM,111.56,79
JMG,111.56,79
CDLR,111.55,79
GRML,111.54,79
BBVA,111.54,79
UFCS,111.53,79
VTR,111.53,79
BEPC,111.51,79
ILMN,111.49,79
THC,111.47,79
IMAX,111.45,79
BTI,111.41,79
PLRZ,111.35,79
VXX,111.28,79
EMA,111.26,79
PRAA,111.21,79
RDNW,111.19,79
OS,111.18,79
PUK,111.17,79
ACHV,111.16,79
AESI,111.15,79
DTCX,111.11,79
ELUT,111.09,79
KNOP,111.08,79
BLX,111.08,79
TTC,111.07,79
AEF,111.07,79
PRDO,111.05,79
TRAW,111.0,79
NTST,110.98,79
SHEN,110.98,79
CNP,110.97,79
SHIM,110.93,79
OPHC,110.92,79
BBD,110.91,79
ASRT,110.9,79
BWLP,110.88,79
KYN,110.86,79
LAWR,110.85,79
CZWI,110.84,79
GFS,110.78,79
CVEO,110.75,79
POR,110.72,79
HXL,110.71,79
OSIS,110.68,78
IMVT,110.67,78
QSR,110.66,78
FDP,110.65,78
CMT,110.61,78
RANI,110.61,78
OKE,110.61,78
ODV,110.59,78
WVE,110.58,78
CASH,110.58,78
MLPB,110.54,78
DHIL,110.53,78
WTM,110.53,78
NSYS,110.5,78
ATEN,110.47,78
CHNR,110.47,78
FLEX,110.43,78
AMUB,110.43,78
SCWO,110.41,78
TYG,110.41,78
SRBK,110.41,78
ARTL,110.39,78
VECO,110.39,78
ZD,110.38,78
CAAP,110.38,78
NUVB,110.37,78
OPY,110.37,78
KT,110.35,78
JWEL,110.34,78
EXPD,110.33,78
AMGN,110.33,78
EDN,110.3,78
CTNM,110.3,78
SFST,110.27,78
RNGR,110.24,78
RXT,110.23,78
IDCC,110.22,78
MRAM,110.2,78
CB,110.18,78
DD,110.17,78
NTWK,110.14,78
NXG,110.13,78
STEL,110.11,78
AVNW,110.08,78
LYG,110.07,78
ATO,110.06,78
DXPE,110.06,78
MTRN,110.02,78
WSBF,110.01,78
PC,110.0,78
PETZ,109.95,78
RTO,109.9,78
ALCO,109.85,78
CBNA,109.85,78
AMAL,109.84,78
LSBK,109.8,78
MCW,109.8,78
FTS,109.8,78
FE,109.79,78
SIM,109.74,77
NDSN,109.73,77
ODC,109.72,77
SNEX,109.7,77
ALEC,109.69,77
JHG,109.67,77
FSEA,109.67,77
FLOC,109.65,77
GROW,109.63,77
AES,109.63,77
BGSF,109.6,77
NJR,109.59,77
CVR,109.59,77
SR,109.56,77
ETR,109.54,77
ED,109.52,77
DE,109.51,77
JOUT,109.48,77
KN,109.47,77
HTO,109.46,77
DPG,109.45,77
TKR,109.42,77
DPRO,109.41,77
HSBC,109.39,77
FCX,109.39,77
ISTR,109.39,77
KFFB,109.39,77
PINE,109.37,77
NVCT,109.3,77
IX,109.29,77
DVA,109.29,77
SMC,109.27,77
AQN,109.21,77
ATOM,109.21,77
BMY,109.21,77
IRIX,109.21,77
GTY,109.19,77
GPOR,109.18,77
PH,109.16,77
BWFG,109.11,77
NKSH,109.11,77
POET,109.1,77
PESI,109.09,77
MPTI,109.09,77
ADPT,109.08,77
AZN,109.08,77
CPS,109.02,77
SILC,109.02,77
NAK,109.01,77
AMR,109.01,77
TW,108.98,77
ACLS,108.98,77
ALSN,108.97,77
ILPT,108.9,77
FBIO,108.84,77
SWKH,108.84,77
NSSC,108.82,77
CIG,108.8,76
AMTM,108.8,76
SWAG,108.79,76
CAF,108.78,76
SEM,108.77,76
PEBK,108.66,76
LIVN,108.64,76
ORN,108.62,76
ITRG,108.61,76
MDU,108.6,76
IDA,108.59,76
BK,108.57,76
INVA,108.5,76
COR,108.49,76
TSBK,108.44,76
HPK,108.43,76
MCHB,108.42,76
LND,108.42,76
TJX,108.38,76
HOLX,108.38,76
RSI,108.37,76
BVFL,108.33,76
PCG,108.31,76
WCC,108.3,76
SCYX,108.29,76
CMCL,108.28,76
EMF,108.27,76
RGR,108.24,76
NUVL,108.24,76
BSM,108.23,76
BCX,108.21,76
VKTX,108.19,76
ASGI,108.15,76
AL,108.15,76
SRL,108.15,76
CSCO,108.12,76
HESM,108.11,76
L,108.1,76
OGS,108.1,76
EBAY,108.09,76
EVRG,108.09,76
MDXH,108.09,76
FEBO,108.09,76
MFG,108.06,76
NTB,108.05,76
BCE,108.04,76
WSFS,108.03,76
CGTX,108.0,76
NOG,107.99,76
BFH,107.95,76
MPLX,107.9,76
CTRE,107.87,76
SEMR,107.86,76
AVT,107.85,76
NVST,107.85,76
PHGE,107.84,76
DAO,107.84,76
NRC,107.83,76
BYFC,107.83,76
USEA,107.8,75
BUD,107.8,75
WMT,107.78,75
EDTK,107.77,75
SNDA,107.77,75
HON,107.69,75
CVRX,107.68,75
NI,107.66,75
BMO,107.65,75
FSM,107.64,75
RGLD,107.62,75
NFBK,107.54,75
CCLD,107.54,75
PNW,107.54,75
WTS,107.53,75
PSNL,107.52,75
ACIU,107.51,75
NB,107.5,75
TMDX,107.46,75
ARLO,107.46,75
TRV,107.45,75
STK,107.45,75
CCCC,107.42,75
INSM,107.39,75
HUBB,107.36,75
RY,107.35,75
DGX,107.34,75
CBL,107.34,75
ROG,107.34,75
PKX,107.32,75
BIP,107.31,75
TSSI,107.29,75
BNL,107.29,75
URG,107.23,75
SATA,107.2,75
DMLP,107.17,75
MSLE,107.16,75
TRST,107.15,75
ALX,107.13,75
TGT,107.12,75
POWW,107.11,75
NWE,107.11,75
CHRS,107.06,75
WLDN,107.05,75
FVCB,107.0,75
MAR,107.0,75
BWNB,106.97,75
PRLB,106.96,75
BLBD,106.95,75
EBMT,106.95,75
WTRG,106.95,75
STRZ,106.93,75
KRP,106.93,75
OHI,106.93,75
GNT,106.9,75
DLNG,106.9,75
C,106.9,75
TBBB,106.89,75
MXE,106.88,75
AXR,106.83,74
OBT,106.82,74
MBIN,106.79,74
YUMC,106.78,74
ODFL,106.76,74
GVA,106.76,74
CMPR,106.74,74
AMBP,106.72,74
PFE,106.7,74
TEX,106.68,74
CDRO,106.68,74
URGN,106.63,74
SBR,106.63,74
KODK,106.6,74
FBLA,106.59,74
DUK,106.57,74
BALL,106.54,74
IDR,106.54,74
MO,106.54,74
MLI,106.5,74
TARS,106.46,74
FUSB,106.42,74
MRBK,106.41,74
SBRA,106.39,74
WFCF,106.38,74
OSK,106.37,74
HFBL,106.35,74
JRVR,106.32,74
MGA,106.3,74
ON,106.29,74
OOMA,106.26,74
GBR,106.24,74
T,106.22,74
BITF,106.21,74
VIK,106.2,74
RMBS,106.2,74
CSX,106.15,74
NRIX,106.14,74
AURA,106.13,74
REGN,106.12,74
BDL,106.12,74
VTMX,106.1,74
AZZ,106.09,74
HQL,106.08,74
SPB,106.05,74
XNET,105.99,74
GDS,105.95,74
LUV,105.94,74
VSTS,105.93,74
STRT,105.89,74
LIN,105.89,74
BOKF,105.87,74
PDLB,105.86,74
FLS,105.86,74
EBF,105.85,74
FGBI,105.82,74
ESQ,105.8,74
HYNE,105.76,74
CWAN,105.76,74
OR,105.74,73
CX,105.72,73
MUFG,105.67,73
SCCD,105.67,73
NUE,105.66,73
TBLD,105.64,73
SRE,105.62,73
DXR,105.61,73
ET,105.6,73
WBS,105.6,73
PANL,105.57,73
NHI,105.55,73
DOV,105.55,73
SON,105.54,73
KPTI,105.54,73
IBP,105.54,73
DLR,105.5,73
SBH,105.45,73
BHM,105.41,73
STT,105.39,73
BAYA,105.37,73
CORZ,105.37,73
DLTR,105.35,73
CDP,105.34,73
ABUS,105.33,73
SMJF,105.32,73
MXF,105.32,73
AIRT,105.31,73
SMFG,105.31,73
FER,105.27,73
FUND,105.27,73
SCCF,105.26,73
PRM,105.25,73
NGNE,105.24,73
KO,105.23,73
ING,105.22,73
CMDB,105.2,73
IRM,105.19,73
BNS,105.17,73
DTE,105.17,73
EQS,105.16,73
BVS,105.14,73
SCCE,105.14,73
NAMS,105.12,73
LNT,105.12,73
BKH,105.1,73
LUMN,105.1,73
ACT,105.08,73
CPBI,105.07,73
GAU,105.06,73
CURB,105.01,73
FRST,105.01,73
EXPE,104.97,73
BPOP,104.97,73
TNL,104.97,73
EW,104.96,73
VWAV,104.96,73
NEOG,104.94,73
HBCP,104.91,73
KRG,104.9,72
LTM,104.79,72
PFAI,104.79,72
ETN,104.79,72
LAND,104.79,72
KNX,104.77,72
KNTK,104.75,72
WES,104.75,72
AER,104.73,72
CMCM,104.73,72
LGL,104.73,72
AME,104.71,72
MEGI,104.69,72
WLKP,104.69,72
REPL,104.69,72
DTSQ,104.67,72
SCCG,104.66,72
AEE,104.61,72
ITT,104.6,72
ENLV,104.58,72
AAME,104.56,72
OMAB,104.55,72
HTBK,104.53,72
REG,104.51,72
AROW,104.5,72
TXT,104.5,72
KRT,104.48,72
SMHI,104.46,72
TRS,104.46,72
CMS,104.45,72
MRKR,104.43,72
UTMD,104.42,72
NTRS,104.42,72
BKHA,104.4,72
BFC,104.39,72
EXC,104.35,72
AGEN,104.34,72
EGAN,104.33,72
NKTX,104.32,72
JVA,104.3,72
FDSB,104.28,72
STLD,104.28,72
NAZ,104.27,72
HYPR,104.27,72
AHCO,104.26,72
MSI,104.25,72
SO,104.24,72
DHX,104.2,72
XEL,104.2,72
INCY,104.18,72
ADC,104.18,72
SUPN,104.17,72
PGC,104.17,72
POWI,104.15,72
XIFR,104.11,72
GRMN,104.1,72
ZTR,104.08,72
SPFI,104.07,72
NVGS,104.05,71
SCHW,104.05,71
WT,104.04,71
WLY,104.02,71
CUBB,103.99,71
MOLN,103.99,71
PHIN,103.99,71
AWK,103.91,71
MRVL,103.9,71
EOT,103.9,71
GLPG,103.89,71
WEC,103.88,71
XFOR,103.87,71
CBLL,103.86,71
ICCC,103.86,71
EURK,103.85,71
CAPN,103.81,71
UTSI,103.81,71
BRX,103.81,71
MCB,103.8,71
NIC,103.78,71
TXNM,103.78,71
MIAX,103.72,71
DRI,103.71,71
MKTW,103.71,71
WM,103.68,71
MNSB,103.68,71
TWLO,103.68,71
NIM,103.67,71
OGE,103.66,71
ANET,103.65,71
CLB,103.65,71
KVAC,103.64,71
CFG,103.61,71
O,103.6,71
CLBK,103.6,71
NDLS,103.58,71
TX,103.57,71
VRTX,103.52,71
ELWT,103.51,71
UTG,103.51,71
ALGN,103.49,71
PTCT,103.49,71
FIHL,103.48,71
WPC,103.46,71
WLFC,103.45,71
RAAQ,103.45,71
RGT,103.45,71
ULTA,103.4,71
MNOV,103.4,71
PPL,103.39,71
MDGL,103.39,71
ACU,103.38,71
CBAN,103.34,71
MYFW,103.32,71
HLT,103.32,71
NIO,103.3,71
IHD,103.22,71
SRV,103.19,71
INFU,103.17,70
MNR,103.16,70
SOHU,103.15,70
YHNA,103.13,70
FSBC,103.13,70
USGO,103.12,70
RMT,103.12,70
CAKE,103.11,70
EXEL,103.09,70
ENPH,103.09,70
BMN,103.09,70
ATS,103.08,70
NVDA,103.07,70
FCBC,103.07,70
BCG,103.07,70
HST,103.05,70
RCKT,103.02,70
XOMA,103.01,70
SUI,102.99,70
QETA,102.99,70
ENIC,102.97,70
REZI,102.97,70
CXW,102.96,70
SWX,102.95,70
FSHP,102.95,70
SYY,102.92,70
IBAC,102.89,70
GE,102.89,70
ANSC,102.88,70
RAY,102.87,70
LECO,102.83,70
GCV,102.83,70
WNEB,102.82,70
JOF,102.8,70
RYTM,102.8,70
MAAS,102.77,70
FVN,102.76,70
KOF,102.75,70
RFAI,102.72,70
AMRN,102.72,70
KIM,102.72,70
CAPL,102.7,70
INTR,102.69,70
MSBI,102.69,70
GTLS,102.69,70
AVGO,102.68,70
VLY,102.65,70
QVCD,102.64,70
QVCC,102.63,70
ESHA,102.62,70
LSTR,102.62,70
IVT,102.61,70
OAKU,102.6,70
SLF,102.59,70
DRH,102.59,70
KGEI,102.58,70
ARCB,102.56,70
DMAA,102.54,70
SIMA,102.53,69
YUM,102.5,69
UA,102.5,69
COLA,102.5,69
GIG,102.49,69
IZEA,102.49,69
NWFL,102.48,69
ALF,102.47,69
SPH,102.46,69
EXE,102.44,69
CEE,102.43,69
OACC,102.43,69
CFFN,102.43,69
MACI,102.42,69
CZR,102.41,69
NPCE,102.41,69
CHAR,102.39,69
PLMK,102.37,69
XP,102.37,69
GPAT,102.37,69
PLD,102.36,69
MLAC,102.35,69
CFBK,102.35,69
STZ,102.35,69
ALL,102.34,69
CUB,102.34,69
RIBB,102.33,69
EPM,102.31,69
NMT,102.31,69
EGBN,102.31,69
PGAC,102.3,69
MWA,102.28,69
KFII,102.28,69
LEGT,102.28,69
LPAA,102.26,69
POLE,102.25,69
USAU,102.25,69
GRNT,102.25,69
MTR,102.24,69
PLBC,102.23,69
PYT,102.23,69
RANG,102.22,69
TAVI,102.18,69
CINF,102.18,69
GENC,102.16,69
STRC,102.16,69
AEXA,102.15,69
CTOS,102.15,69
HIG,102.13,69
BEAG,102.12,69
BCV,102.11,69
TDAC,102.1,69
LTC,102.1,69
USLM,102.1,69
PGEN,102.09,69
DRDB,102.07,69
TT,102.07,69
ECCW,102.07,69
OTTR,102.06,69
YALA,102.02,68
FCN,102.02,68
JBSS,102.02,68
CWBC,102.02,68
SGHC,102.0,68
OVLY,102.0,68
HYAC,102.0,68
FACT,101.98,68
FCAP,101.98,68
UYSC,101.98,68
NTWO,101.97,68
SANM,101.97,68
EPRT,101.95,68
FGMC,101.94,68
EGP,101.93,68
QSEA,101.93,68
JACS,101.92,68
SBXD,101.92,68
CXH,101.92,68
SPAI,101.92,68
HYPD,101.92,68
LPBB,101.92,68
ECCC,101.91,68
CHPG,101.91,68
IPEX,101.9,68
EICA,101.88,68
NNN,101.88,68
TDS,101.86,68
ADAM,101.85,68
AVBP,101.83,68
ALCY,101.8,68
AVBH,101.78,68
FRAF,101.78,68
AIFF,101.77,68
AQB,101.76,68
RMI,101.76,68
FAST,101.76,68
AACB,101.75,68
BLUW,101.74,68
SVCC,101.74,68
ALDF,101.74,68
MIY,101.7,68
TDC,101.7,68
SNA,101.7,68
UROY,101.69,68
IPOD,101.67,68
LWAC,101.67,68
SZZL,101.66,68
APAD,101.66,68
ATII,101.65,68
RDWR,101.65,68
MFC,101.65,68
LANV,101.64,68
GRAF,101.64,68
LEA,101.63,68
KCHV,101.62,68
MANU,101.61,68
CLDT,101.61,68
BSAA,101.59,67
GGZ,101.59,67
COPL,101.59,67
NOEM,101.59,67
RAC,101.58,67
FT,101.57,67
BBT,101.57,67
NHIC,101.56,67
GLU,101.56,67
LCCC,101.54,67
R,101.52,67
PAII,101.51,67
NCA,101.5,67
VMI,101.5,67
SPKL,101.49,67
LOKV,101.48,67
TCBI,101.48,67
WTG,101.47,67
FERA,101.46,67
NOAH,101.43,67
CRAQ,101.42,67
SOUL,101.4,67
GAM,101.4,67
NAC,101.4,67
BTT,101.38,67
GIC,101.38,67
NMP,101.38,67
MBAV,101.38,67
LNKB,101.35,67
DOO,101.35,67
HLN,101.33,67
SSEA,101.33,67
GS,101.32,67
PACH,101.32,67
TORO,101.31,67
TLNC,101.31,67
FMX,101.31,67
OPLN,101.3,67
CCIX,101.3,67
GSHR,101.29,67
BCAR,101.28,67
SPEG,101.28,67
VCIC,101.27,67
CEPO,101.27,67
MUJ,101.27,67
NBBK,101.26,67
AXIN,101.25,67
COST,101.25,67
ETHM,101.23,67
ST,101.21,67
OYSE,101.21,67
FIGX,101.2,67
INAC,101.2,67
TVAI,101.19,67
TACH,101.19,67
SNCY,101.18,67
OBA,101.18,67
OBK,101.15,67
SDHI,101.15,67
ACV,101.14,66
TV,101.14,66
IBKR,101.14,66
GJS,101.12,66
SMBC,101.12,66
XCH,101.09,66
CGCT,101.08,66
MEDP,101.07,66
SCOR,101.07,66
UAA,101.06,66
CCII,101.06,66
FBNC,101.06,66
APAC,101.06,66
CEV,101.06,66
TVE,101.06,66
JBK,101.04,66
TLPH,101.03,66
QUMS,101.03,66
TBPH,101.02,66
JOYY,101.02,66
BACC,101.01,66
IVZ,101.0,66
ETX,100.99,66
RBB,100.99,66
ENVA,100.99,66
VNME,100.93,66
OMSE,100.93,66
ARMK,100.93,66
EGHA,100.92,66
ORIQ,100.9,66
MKLY,100.89,66
LLY,100.89,66
HAVA,100.89,66
FISI,100.89,66
SAJ,100.89,66
CHT,100.88,66
CRAC,100.88,66
CVLG,100.88,66
CAC,100.87,66
AACG,100.86,66
SAM,100.85,66
ELS,100.85,66
TGNA,100.85,66
PBFS,100.84,66
CURV,100.84,66
SOCA,100.83,66
RCB,100.82,66
UTF,100.82,66
PCAR,100.82,66
LKSP,100.81,66
DIN,100.81,66
CPRX,100.81,66
MB,100.8,66
ALIS,100.79,66
SNX,100.79,66
CHEC,100.78,66
AIIA,100.78,66
ALRS,100.78,66
TULP,100.77,65
ALLR,100.77,65
ECOR,100.76,65
TVC,100.75,65
NUW,100.71,65
LUCD,100.71,65
QTI,100.71,65
LCII,100.71,65
CL,100.7,65
NNY,100.7,65
TDWD,100.68,65
WYY,100.68,65
KOYN,100.68,65
DMII,100.68,65
YCY,100.68,65
CMU,100.67,65
MMTX,100.67,65
MS,100.65,65
EVAC,100.65,65
LAFA,100.63,65
HVII,100.63,65
ECCV,100.62,65
ROK,100.61,65
MDLN,100.6,65
PROV,100.6,65
THFF,100.59,65
HTD,100.59,65
GAIN,100.58,65
XRPN,100.58,65
AXS,100.57,65
EVOX,100.57,65
COSO,100.55,65
HVMC,100.55,65
KTH,100.54,65
FR,100.54,65
LAC,100.54,65
BKU,100.53,65
CON,100.52,65
RDAG,100.52,65
GIW,100.49,65
EMIS,100.48,65
ALGM,100.47,65
PEP,100.47,65
GHRS,100.46,65
GJT,100.46,65
JKHY,100.44,65
CP,100.44,65
GJP,100.43,65
VACH,100.43,65
BTG,100.42,65
GGAL,100.41,65
PLTR,100.41,65
BRN,100.39,65
CTS,100.38,65
GWW,100.38,65
ATAI,100.36,65
SELF,100.36,65
GJH,100.36,65
TSN,100.36,65
NUV,100.35,64
INGM,100.35,64
WEX,100.34,64
PRME,100.34,64
HTFC,100.33,64
ULBI,100.32,64
JENA,100.31,64
SOMN,100.3,64
UGI,100.29,64
NECB,100.29,64
TXRH,100.29,64
PM,100.28,64
IEX,100.28,64
NATH,100.27,64
LDOS,100.26,64
HCMA,100.25,64
APD,100.24,64
PERI,100.23,64
CXE,100.22,64
RDW,100.22,64
GLQ,100.2,64
OTGA,100.19,64
ALHC,100.18,64
WENN,100.16,64
IDE,100.16,64
SAT,100.15,64
APXT,100.15,64
IPCX,100.14,64
SGA,100.14,64
INDB,100.12,64
VAC,100.12,64
PECO,100.12,64
PEB,100.11,64
IAE,100.11,64
RNGT,100.11,64
ECCX,100.1,64
VRSN,100.09,64
CCNE,100.08,64
HIMX,100.08,64
FTV,100.06,64
LEU,100.06,64
TVA,100.05,64
VPV,100.04,64
CHI,100.03,64
BRC,100.03,64
CCBG,100.03,64
DYOR,100.02,64
STAG,100.02,64
PMTR,100.01,64
DCOM,100.01,64
AVA,100.0,64
OSBC,100.0,64
SVA,100.0,64
FCRX,99.99,64
NNI,99.98,64
LXP,99.98,64
AIRI,99.98,64
NRG,99.97,63
DNP,99.97,63
TRMK,99.97,63
GL,99.96,63
BGC,99.95,63
VACI,99.95,63
CTDD,99.95,63
NQP,99.95,63
DTF,99.94,63
SAY,99.94,63
MIND,99.93,63
NDAQ,99.93,63
UTL,99.92,63
FXNC,99.89,63
TACO,99.88,63
GSRF,99.88,63
RZB,99.86,63
NPAC,99.86,63
NTRA,99.85,63
CZNC,99.84,63
MSA,99.83,63
CCID,99.82,63
LIXT,99.82,63
MBVI,99.81,63
FRT,99.81,63
GTEN,99.81,63
VCTR,99.8,63
STRW,99.8,63
NMI,99.8,63
BCSS,99.78,63
SFD,99.77,63
DNMX,99.77,63
OKYO,99.75,63
NTIP,99.75,63
LH,99.74,63
DC,99.74,63
CEPF,99.7,63
IIM,99.7,63
UVSP,99.68,63
WLAC,99.67,63
EOD,99.67,63
MVBF,99.67,63
DAAQ,99.66,63
CTKB,99.66,63
MNPR,99.66,63
ASIX,99.66,63
KMRK,99.65,63
WTBA,99.64,63
AQNB,99.64,63
CAEP,99.62,63
ACGL,99.62,63
EIIA,99.61,63
BCPC,99.61,63
HTH,99.61,63
MGIH,99.58,63
LATA,99.58,63
CTLP,99.57,63
UE,99.56,63
GJO,99.55,62
IMXI,99.55,62
TLSA,99.55,62
CHD,99.54,62
TXN,99.52,62
TMP,99.51,62
BY,99.51,62
WASH,99.51,62
LILA,99.5,62
GUT,99.49,62
PDPA,99.48,62
CRBP,99.48,62
SMG,99.46,62
UBSI,99.44,62
EICC,99.4,62
CTW,99.39,62
CCK,99.39,62
ARM,99.39,62
TECK,99.38,62
OLN,99.38,62
CTBI,99.38,62
CEPT,99.36,62
YSXT,99.35,62
SGU,99.34,62
SAZ,99.33,62
GXO,99.32,62
DDS,99.32,62
EDF,99.32,62
CNK,99.3,62
SI,99.3,62
CARE,99.29,62
PCAP,99.28,62
RL,99.28,62
SNN,99.26,62
ONCH,99.25,62
ATAT,99.24,62
IAC,99.24,62
ARCO,99.24,62
CLNN,99.24,62
ARTW,99.23,62
INAB,99.22,62
ADX,99.22,62
CASS,99.22,62
BBU,99.21,62
ERH,99.21,62
GLV,99.21,62
FLR,99.16,62
KRSP,99.16,62
SVAC,99.15,62
SRCE,99.15,62
ES,99.14,62
BLZR,99.14,62
HCXY,99.13,62
NRK,99.12,62
TWOD,99.11,62
IKT,99.1,62
CCEP,99.1,62
RSF,99.09,62
HTB,99.09,62
CHY,99.08,62
MVO,99.07,61
DDT,99.06,61
SKT,99.05,61
LEO,99.04,61
BJ,99.04,61
CBFV,99.01,61
MAYS,99.0,61
CVSA,99.0,61
KTN,98.99,61
DSM,98.98,61
NCZ,98.98,61
BDCI,98.96,61
EVLV,98.94,61
HNRG,98.93,61
EDU,98.92,61
ANPA,98.91,61
RLGT,98.91,61
AWR,98.9,61
NEOV,98.87,61
FVR,98.87,61
SHBI,98.86,61
ZWS,98.85,61
HR,98.84,61
DAKT,98.83,61
PMM,98.82,61
PDT,98.82,61
ABCB,98.82,61
SPMA,98.81,61
CEPV,98.81,61
GRF,98.78,61
MSCI,98.77,61
FCRS,98.73,61
DSWL,98.71,61
D,98.71,61
VSH,98.69,61
TM,98.69,61
GJR,98.67,61
GGN,98.66,61
BSRR,98.66,61
FERG,98.62,61
PMTU,98.62,61
GLO,98.61,61
NMS,98.61,61
PFS,98.6,61
HSAI,98.6,61
EDD,98.58,61
RWTO,98.58,61
GRVY,98.58,61
ECCU,98.57,61
CBK,98.57,61
ACFN,98.57,61
MLR,98.55,61
AII,98.55,61
POCI,98.53,61
BH,98.52,61
HBB,98.52,61
RSG,98.52,61
NSC,98.52,61
BUI,98.5,61
PMO,98.48,60
JXN,98.47,60
TEI,98.47,60
BPRN,98.46,60
DMB,98.45,60
BHV,98.45,60
NXP,98.44,60
DCI,98.43,60
FOF,98.41,60
IGD,98.41,60
MCRI,98.4,60
SOR,98.4,60
FNLC,98.39,60
CHMI,98.39,60
DLHC,98.39,60
SOTK,98.39,60
MNY,98.38,60
ARVN,98.36,60
SRTS,98.36,60
SBI,98.35,60
BEN,98.32,60
AFBI,98.32,60
LSH,98.31,60
ASPC,98.31,60
TDF,98.28,60
TGTX,98.28,60
ZDGE,98.27,60
SPG,98.25,60
MEC,98.25,60
RWTP,98.23,60
CTO,98.2,60
VTN,98.19,60
QCRH,98.17,60
NXJ,98.17,60
MCD,98.17,60
AGCO,98.16,60
RMM,98.16,60
AOMD,98.16,60
PMTW,98.15,60
SAIC,98.15,60
PCB,98.15,60
CHW,98.14,60
PMTV,98.14,60
MITN,98.11,60
DIT,98.11,60
VBIX,98.11,60
CVV,98.09,60
BMA,98.09,60
CCZ,98.08,60
FULC,98.07,60
GLPI,98.06,60
MFAN,98.05,60
MUC,98.05,60
CIMP,98.03,60
DJCO,98.02,60
DOLE,98.01,60
VCV,98.01,60
NKX,98.01,60
MYN,98.0,59
NCV,98.0,59
RNXT,98.0,59
RZC,97.99,59
HBT,97.99,59
JCAP,97.98,59
ARL,97.97,59
CET,97.96,59
CBC,97.94,59
IBTA,97.94,59
SKYH,97.94,59
AOD,97.94,59
WOOF,97.93,59
PATK,97.92,59
MRP,97.92,59
CTBB,97.9,59
AMRC,97.9,59
CUBI,97.9,59
MTX,97.9,59
NWG,97.9,59
NSTS,97.89,59
LVO,97.89,59
USB,97.88,59
MITP,97.88,59
IDXX,97.86,59
LOMA,97.86,59
MBWM,97.86,59
KEY,97.85,59
RWTN,97.84,59
MPV,97.84,59
TVTX,97.83,59
WABC,97.82,59
AX,97.81,59
EIM,97.81,59
MPB,97.8,59
BSBR,97.8,59
NPV,97.79,59
VMO,97.78,59
ECBK,97.76,59
AEC,97.76,59
UHT,97.74,59
FSTR,97.74,59
BC,97.73,59
ASR,97.72,59
NVG,97.72,59
RGA,97.7,59
EVT,97.7,59
SJT,97.68,59
AIZ,97.67,59
CICB,97.65,59
LVS,97.65,59
GABC,97.65,59
PEBO,97.64,59
SPXC,97.64,59
IQI,97.63,59
VHC,97.62,59
FIGR,97.62,59
EVI,97.61,59
UBFO,97.61,59
NMCO,97.6,58
CWT,97.6,58
AFL,97.6,58
CIMO,97.59,58
CALX,97.59,58
CIMN,97.57,58
CNI,97.56,58
SAGT,97.56,58
ICE,97.55,58
QXO,97.55,58
MSM,97.54,58
EBC,97.53,58
SBUX,97.53,58
MMD,97.53,58
ANIP,97.51,58
OSUR,97.51,58
FFIV,97.49,58
WST,97.48,58
BCS,97.48,58
DSP,97.47,58
BOH,97.47,58
BME,97.47,58
NEPH,97.45,58
MGTX,97.45,58
W,97.44,58
GDL,97.44,58
AOMN,97.43,58
SPME,97.43,58
MXL,97.43,58
NEA,97.41,58
CFR,97.41,58
NAD,97.41,58
MFAO,97.4,58
HEQ,97.4,58
ECF,97.4,58
FRHC,97.39,58
GALT,97.39,58
FMN,97.38,58
TAL,97.38,58
CXDO,97.37,58
ROAD,97.37,58
WAFD,97.36,58
F,97.34,58
NDMO,97.34,58
VKI,97.32,58
QQQX,97.31,58
BAER,97.31,58
BYD,97.31,58
UNP,97.31,58
MFM,97.31,58
AIRG,97.29,58
CVS,97.27,58
IOR,97.26,58
BWB,97.25,58
ARI,97.25,58
WIW,97.24,58
FMY,97.24,58
AFB,97.23,58
TEL,97.22,57
MCHP,97.22,57
ASO,97.21,57
EFOI,97.21,57
VGM,97.21,57
RGCO,97.2,57
EAT,97.2,57
ASBA,97.19,57
NBN,97.18,57
PDYN,97.17,57
ADGM,97.15,57
MMU,97.15,57
ABXL,97.14,57
PKOH,97.14,57
CCSI,97.14,57
GDV,97.13,57
NZF,97.12,57
BUSE,97.11,57
CIVB,97.11,57
MCGA,97.1,57
ACNB,97.1,57
SMBK,97.09,57
HCI,97.09,57
NAN,97.08,57
ZGN,97.08,57
RVT,97.07,57
ELSE,97.07,57
AFRI,97.06,57
PFIS,97.06,57
BJRI,97.05,57
CENT,97.05,57
NBIX,97.05,57
CTNT,97.05,57
ITW,97.04,57
MCFT,97.02,57
EVN,97.01,57
GGG,96.99,57
GBX,96.98,57
WDFC,96.98,57
OIA,96.97,57
KE,96.95,57
WU,96.95,57
RVSB,96.94,57
MHD,96.94,57
THW,96.93,57
RQI,96.92,57
JBIO,96.91,57
USCB,96.89,57
NPFD,96.89,57
RS,96.89,57
ABCL,96.88,57
PAGS,96.87,57
THG,96.87,57
PFG,96.87,57
TCBK,96.86,57
HQH,96.85,57
RDY,96.85,57
BSBK,96.84,56
MPA,96.84,56
AGD,96.84,56
AAPL,96.81,56
CSIQ,96.81,56
WLYB,96.81,56
VKQ,96.75,56
JF,96.68,56
SOJF,96.65,56
UNIT,96.62,56
TUYA,96.62,56
HTLD,96.62,56
PNBK,96.61,56
DSS,96.61,56
APOS,96.61,56
LYV,96.6,56
FPI,96.59,56
HSIC,96.59,56
WIA,96.59,56
FFWM,96.58,56
PCSC,96.57,56
ONCY,96.56,56
ZKIN,96.56,56
KKRT,96.56,56
BRID,96.55,56
IHG,96.54,56
ADSE,96.54,56
RMMZ,96.53,56
PNI,96.53,56
LAMR,96.52,56
GHC,96.51,56
FMBH,96.51,56
SEZL,96.5,56
NMR,96.5,56
AIZN,96.5,56
NTIC,96.5,56
GSBC,96.48,56
NPB,96.48,56
ENGN,96.44,56
FCF,96.44,56
ENO,96.42,56
ZUMZ,96.4,56
BYSI,96.38,56
WRB,96.38,56
KRNY,96.38,56
PPT,96.37,56
JLS,96.36,56
CPK,96.35,56
HAFC,96.32,56
FFBC,96.31,56
BFS,96.31,56
RRR,96.3,56
NBB,96.3,56
KTF,96.3,56
PRS,96.27,56
PCQ,96.26,56
STBA,96.26,56
PNC,96.26,56
KNF,96.25,55
CARR,96.25,55
TRNO,96.25,55
ORRF,96.24,55
DAL,96.24,55
BBCP,96.2,55
DTK,96.19,55
IBOC,96.15,55
GDC,96.12,55
VYGR,96.11,55
LFST,96.1,55
HFWA,96.09,55
EMR,96.08,55
VALU,96.08,55
LPL,96.07,55
SIRI,96.06,55
BCAL,96.05,55
AEI,96.05,55
DDOG,96.04,55
CSV,96.03,55
MGF,96.0,55
MSB,96.0,55
EQBK,95.97,55
MYI,95.97,55
SCI,95.97,55
MGYR,95.96,55
FTDR,95.93,55
VFL,95.93,55
GLDG,95.92,55
IGA,95.91,55
DOC,95.9,55
PEG,95.9,55
RFM,95.87,55
JL,95.87,55
VBF,95.85,55
SACH,95.85,55
UNMA,95.84,55
EMBJ,95.83,55
OLP,95.82,55
FCPT,95.82,55
IGI,95.82,55
JBS,95.81,55
NMZ,95.8,55
BCML,95.79,55
CPF,95.78,55
GAP,95.78,55
AB,95.78,55
CMPS,95.78,55
NOM,95.77,55
RTAC,95.77,55
IR,95.76,55
BENF,95.75,55
ANVS,95.75,55
CATY,95.75,55
BCAT,95.75,55
GUG,95.75,55
REBN,95.74,55
TFSL,95.73,55
WEYS,95.73,55
BFRI,95.73,55
XTNT,95.72,54
NVEC,95.72,54
AVAH,95.72,54
CMC,95.72,54
TCPA,95.71,54
ETB,95.68,54
BHF,95.68,54
APM,95.66,54
BSTZ,95.63,54
AMRZ,95.62,54
FCCO,95.62,54
BNED,95.62,54
GLP,95.61,54
ACEL,95.61,54
UNM,95.6,54
CVGW,95.6,54
EPR,95.58,54
CLWT,95.57,54
FCT,95.56,54
WEA,95.55,54
AVNS,95.55,54
DUKB,95.55,54
JMSB,95.54,54
GROV,95.54,54
AUNA,95.54,54
ETW,95.54,54
TLK,95.54,54
CNOB,95.52,54
GANX,95.51,54
JPC,95.5,54
VABK,95.49,54
MRTN,95.49,54
PAI,95.49,54
BFST,95.49,54
TRNS,95.48,54
XERS,95.48,54
FOXA,95.47,54
IRS,95.46,54
GIGM,95.45,54
LXEO,95.45,54
NBH,95.44,54
ABBV,95.44,54
PLX,95.4,54
CMSC,95.39,54
MQY,95.38,54
CRON,95.38,54
CCD,95.37,54
CSWC,95.36,54
BEPJ,95.35,54
NRUC,95.34,54
KURA,95.34,54
TWO,95.34,54
PIM,95.32,54
MICC,95.31,54
MSD,95.3,54
MMT,95.29,54
RIVN,95.28,54
CZFS,95.27,54
CHMG,95.27,54
PFH,95.26,53
ETO,95.23,53
AIT,95.22,53
PLUS,95.21,53
RFMZ,95.2,53
MSEX,95.2,53
ETV,95.2,53
DTW,95.19,53
SBSI,95.17,53
GTN,95.16,53
AMT,95.16,53
BBAR,95.15,53
STRA,95.14,53
BIDU,95.14,53
CYRX,95.13,53
BBN,95.12,53
AFYA,95.12,53
VEON,95.12,53
FULT,95.11,53
STN,95.1,53
NWBI,95.1,53
AREN,95.09,53
CMSD,95.09,53
ALGT,95.08,53
MRX,95.08,53
GEF,95.08,53
XPEV,95.08,53
FNB,95.07,53
MTB,95.07,53
PRH,95.06,53
BGS,95.06,53
CNO,95.06,53
ATHS,95.03,53
WDH,95.01,53
PGP,94.99,53
QUAD,94.99,53
BHB,94.99,53
MGM,94.99,53
BLCO,94.98,53
NYC,94.97,53
PLBY,94.96,53
SGML,94.95,53
DFP,94.95,53
TRN,94.95,53
GPGI,94.94,53
PFD,94.94,53
AWP,94.93,53
MKTX,94.91,53
EVG,94.91,53
MAC,94.9,53
ASUR,94.88,53
MDV,94.88,53
FINS,94.85,53
FBP,94.84,53
OSW,94.83,53
SDHY,94.82,53
TKO,94.82,53
TAC,94.8,53
RDZN,94.8,53
TXO,94.79,52
DERM,94.77,52
HNGE,94.75,52
AEFC,94.74,52
NMIH,94.74,52
BNTC,94.73,52
AFGB,94.72,52
HPE,94.72,52
MDLZ,94.71,52
RA,94.71,52
AMTB,94.69,52
HAE,94.69,52
FLC,94.68,52
TY,94.67,52
STEW,94.67,52
WTFC,94.65,52
CNA,94.64,52
NFJ,94.64,52
CHCO,94.63,52
MUA,94.61,52
BAND,94.6,52
JPM,94.6,52
HCM,94.6,52
XHR,94.59,52
MTG,94.58,52
HEI,94.57,52
HUHU,94.56,52
ENJ,94.56,52
SYNA,94.54,52
EMD,94.53,52
CII,94.51,52
KMPB,94.51,52
AVR,94.48,52
JHS,94.48,52
GF,94.48,52
PML,94.45,52
GXAI,94.45,52
EL,94.44,52
PHI,94.44,52
MPLT,94.44,52
SJM,94.44,52
SILA,94.44,52
PAC,94.44,52
ELC,94.43,52
HWC,94.42,52
JLL,94.41,52
MSIF,94.4,52
NLY,94.4,52
RWTQ,94.4,52
BXMX,94.39,52
RLTY,94.39,52
HOPE,94.38,52
MRM,94.37,52
FMST,94.37,52
FOX,94.35,52
TOL,94.34,52
GBLI,94.34,52
WSBC,94.33,52
PLMR,94.32,51
ACA,94.31,51
SLDE,94.31,51
ABNB,94.3,51
CKX,94.3,51
GGB,94.3,51
ETG,94.3,51
CLPS,94.3,51
FGN,94.28,51
HALO,94.28,51
PFO,94.26,51
CCEC,94.24,51
CAPT,94.23,51
PBI,94.23,51
SMRT,94.23,51
M,94.22,51
EXG,94.22,51
UNTY,94.22,51
BIPI,94.21,51
TLS,94.21,51
FSS,94.21,51
TONX,94.19,51
SFBC,94.18,51
AWX,94.18,51
J,94.17,51
GREE,94.16,51
AAP,94.15,51
BANC,94.15,51
ACOG,94.14,51
HWKN,94.13,51
EG,94.13,51
MTW,94.12,51
HMN,94.11,51
NMAI,94.11,51
HAO,94.1,51
STRF,94.1,51
TSI,94.08,51
GNW,94.08,51
MHF,94.08,51
AVO,94.08,51
BEPH,94.08,51
NPCT,94.06,51
ROL,94.06,51
MEG,94.05,51
PKG,94.05,51
HPS,94.04,51
MFA,94.03,51
CFFI,94.03,51
AMN,94.0,51
NFLX,93.99,51
UVV,93.99,51
PGZ,93.97,51
SKBL,93.97,51
XNCR,93.97,51
RMR,93.97,51
BDX,93.97,51
ASTH,93.96,51
FFIC,93.95,51
BDMD,93.95,51
SKYX,93.93,50
BGB,93.92,50
BKT,93.9,50
AIG,93.87,50
BMHL,93.86,50
BNJ,93.85,50
FTHY,93.85,50
GRX,93.84,50
ECL,93.84,50
GNE,93.84,50
ERC,93.83,50
FBIZ,93.83,50
EWBC,93.81,50
TISI,93.81,50
MDWD,93.8,50
BILI,93.79,50
ACI,93.79,50
LGI,93.77,50
PDX,93.75,50
JGH,93.74,50
HWBK,93.72,50
ACIC,93.69,50
DBI,93.67,50
DGXX,93.67,50
NNBR,93.67,50
BRBS,93.67,50
ROKU,93.66,50
QRVO,93.65,50
SOJC,93.64,50
MGRE,93.63,50
FIBK,93.62,50
SOJD,93.61,50
GIL,93.61,50
FENC,93.58,50
RF,93.57,50
BIPC,93.57,50
SREA,93.57,50
BIO,93.56,50
MITT,93.55,50
SXT,93.54,50
ORI,93.52,50
BA,93.52,50
UEIC,93.52,50
AFG,93.51,50
MKL,93.5,50
HGLB,93.49,50
MCR,93.49,50
AFGE,93.48,50
MCN,93.48,50
VGI,93.47,50
KARO,93.46,50
ADNT,93.45,50
EAD,93.45,50
SUZ,93.44,50
SBCF,93.44,50
NEU,93.43,50
BEPI,93.39,49
BDJ,93.39,49
RVP,93.39,49
BRSP,93.37,49
OMC,93.37,49
GATX,93.37,49
PSF,93.37,49
PSA,93.36,49
EEA,93.36,49
JQC,93.35,49
FTNT,93.35,49
VBNK,93.35,49
ETSY,93.35,49
ESPR,93.34,49
BKE,93.31,49
CARG,93.3,49
AMPG,93.3,49
MCS,93.29,49
BOE,93.29,49
STNE,93.28,49
SEIC,93.25,49
LDP,93.24,49
HZO,93.23,49
JMM,93.23,49
FLG,93.2,49
CMSA,93.2,49
FIZZ,93.18,49
WMK,93.16,49
FFC,93.16,49
NIE,93.16,49
CUBE,93.14,49
YHC,93.14,49
UPS,93.14,49
GAB,93.14,49
NMTC,93.13,49
EEX,93.13,49
CPHC,93.11,49
TNXP,93.11,49
CGO,93.08,49
MCBS,93.08,49
SCD,93.07,49
HIFS,93.06,49
ACR,93.05,49
FATE,93.04,49
FFA,93.03,49
TKC,93.02,49
FRBA,93.01,49
SAFT,93.0,49
GMAB,92.99,49
CGNT,92.99,49
TBB,92.98,49
URBN,92.98,49
GCBC,92.98,49
BSL,92.98,49
RELL,92.96,49
WHD,92.96,49
ORLY,92.94,49
MIN,92.94,49
DTG,92.94,49
LSE,92.93,48
BMRN,92.93,48
DTB,92.93,48
DSU,92.92,48
PFBC,92.89,48
RDN,92.89,48
AORT,92.89,48
SOJE,92.89,48
DB,92.88,48
EHI,92.85,48
FMAO,92.85,48
WCN,92.85,48
BST,92.84,48
FITB,92.83,48
WAVE,92.8,48
GBAB,92.8,48
PSHG,92.79,48
NODK,92.79,48
JAKK,92.78,48
WSO,92.78,48
RIOT,92.75,48
FPF,92.75,48
FUNC,92.74,48
RIV,92.73,48
HPF,92.73,48
NRIM,92.73,48
LFMD,92.73,48
STHO,92.72,48
FHN,92.72,48
WAFU,92.72,48
WINA,92.71,48
DMO,92.71,48
RFI,92.7,48
TOUR,92.7,48
IBCP,92.68,48
CIM,92.67,48
GDO,92.67,48
SSD,92.66,48
FDBC,92.66,48
ACRE,92.66,48
HYI,92.65,48
DBL,92.64,48
FAX,92.62,48
JKS,92.61,48
AEG,92.61,48
RNP,92.61,48
FTF,92.6,48
CVBF,92.59,48
CDZI,92.53,48
CI,92.53,48
CRL,92.52,48
FELE,92.5,48
CCI,92.5,48
AFGD,92.49,48
PG,92.48,48
CPA,92.47,48
ASPS,92.47,48
RMTI,92.44,48
IVR,92.44,48
PATH,92.43,48
PHG,92.41,48
WHG,92.4,47
CIF,92.38,47
PHM,92.36,47
DIAX,92.34,47
JFR,92.32,47
AON,92.31,47
HIO,92.31,47
MGRD,92.31,47
CIX,92.3,47
COLL,92.3,47
GPJA,92.29,47
ALKS,92.29,47
PRK,92.28,47
ESNT,92.28,47
ISRG,92.27,47
H,92.26,47
KVUE,92.23,47
OLPX,92.23,47
HIX,92.23,47
CHCT,92.22,47
BCBP,92.21,47
SABA,92.19,47
NUTX,92.17,47
AGNC,92.17,47
FBYD,92.17,47
DX,92.16,47
CINT,92.16,47
PTA,92.13,47
ANGO,92.11,47
OSTX,92.11,47
FHTX,92.11,47
CWCO,92.1,47
DMAC,92.06,47
JCE,92.06,47
FMFC,92.05,47
AWF,92.04,47
TU,92.04,47
RAMP,92.04,47
CDNA,92.03,47
MLM,92.02,47
ELTK,92.02,47
FBK,92.01,47
GDEN,91.96,47
BIPJ,91.96,47
OCFC,91.95,47
HPI,91.95,47
TRIN,91.95,47
ASB,91.95,47
LOPE,91.92,47
GDOT,91.92,47
IMCR,91.91,47
SMP,91.91,47
DXCM,91.9,47
MFI,91.89,47
CSL,91.89,47
FSSL,91.88,47
JHI,91.87,47
BXMT,91.87,47
PFL,91.86,46
FROG,91.84,46
FURY,91.83,46
YORW,91.82,46
ONC,91.81,46
STRD,91.8,46
CSR,91.8,46
TCBX,91.79,46
BMRC,91.78,46
BOOT,91.77,46
CBNK,91.77,46
ONEG,91.77,46
FOR,91.76,46
AFGC,91.75,46
AKR,91.75,46
FEMY,91.75,46
HQI,91.74,46
UL,91.73,46
CSQ,91.72,46
BHK,91.72,46
MCI,91.71,46
BMEZ,91.71,46
AMZN,91.71,46
BNH,91.7,46
RMBI,91.69,46
RDI,91.68,46
COLB,91.68,46
SEG,91.68,46
KDP,91.68,46
EVV,91.67,46
DMA,91.67,46
APT,91.66,46
AMTD,91.66,46
CRNX,91.65,46
NMG,91.64,46
THQ,91.63,46
CRBD,91.63,46
GME,91.63,46
DEA,91.62,46
BAC,91.62,46
HEPS,91.62,46
IFF,91.6,46
INGR,91.59,46
MATW,91.57,46
ZION,91.57,46
WKEY,91.55,46
GGT,91.55,46
LCNB,91.54,46
JCSE,91.54,46
MGRC,91.53,46
NIU,91.53,46
DDL,91.51,46
KKRS,91.5,46
SYNX,91.49,46
UXIN,91.47,46
AVK,91.45,46
SHLS,91.45,46
REFI,91.44,46
BHRB,91.42,45
AGIO,91.42,45
OPP,91.42,45
RLX,91.42,45
DHF,91.41,45
POST,91.4,45
GYRO,91.4,45
CAAS,91.39,45
MSN,91.37,45
VLT,91.37,45
SITE,91.37,45
PRTC,91.37,45
PRI,91.36,45
BIPH,91.36,45
JSM,91.36,45
YB,91.36,45
QURE,91.35,45
EVCM,91.35,45
EFT,91.35,45
XELB,91.34,45
TMUS,91.34,45
TMO,91.33,45
CBAT,91.33,45
MGRB,91.32,45
KFY,91.32,45
PYXS,91.3,45
CRDO,91.3,45
BWEN,91.27,45
LARK,91.27,45
KINS,91.26,45
MGR,91.23,45
AGO,91.23,45
IIPR,91.23,45
NTES,91.23,45
RLJ,91.22,45
BGY,91.2,45
PII,91.2,45
ETJ,91.2,45
FSLR,91.2,45
VEL,91.19,45
STI,91.14,45
DHR,91.13,45
GFL,91.13,45
CAE,91.13,45
TLX,91.1,45
PRVA,91.1,45
EML,91.09,45
KTB,91.08,45
RGS,91.08,45
CPZ,91.07,45
DYAI,91.07,45
INVE,91.06,45
BBUC,91.05,45
UHS,91.04,45
SFNC,91.04,45
MAIA,91.03,45
HOFT,91.02,45
BSET,91.01,45
STE,91.0,44
HURN,91.0,44
MTD,91.0,44
WMS,90.99,44
HIT,90.98,44
SHAK,90.98,44
MQ,90.96,44
SNY,90.94,44
NBXG,90.93,44
BNT,90.92,44
PRSU,90.92,44
VEEA,90.91,44
EOI,90.9,44
KOPN,90.9,44
DVLT,90.89,44
UZD,90.88,44
IEP,90.88,44
NEUP,90.87,44
PHK,90.87,44
DDI,90.87,44
UMBF,90.86,44
PLUT,90.86,44
CTGO,90.85,44
PFFL,90.85,44
ARDX,90.84,44
ARR,90.83,44
ALLE,90.82,44
CR,90.82,44
LRE,90.82,44
EM,90.81,44
TFC,90.8,44
BGT,90.79,44
UCB,90.78,44
KBSX,90.78,44
IDAI,90.77,44
MTCH,90.75,44
BTX,90.75,44
BLW,90.74,44
CRWD,90.72,44
ALLY,90.72,44
ARKR,90.72,44
LYTS,90.72,44
WS,90.72,44
AUB,90.7,44
ABSI,90.69,44
EIG,90.68,44
AMWL,90.66,44
TDG,90.64,44
KAI,90.64,44
NBHC,90.61,44
FLXS,90.6,44
EFR,90.6,44
EXR,90.59,44
PROK,90.59,44
BWG,90.58,44
IRON,90.58,44
TUSK,90.57,44
UBS,90.57,44
WTW,90.56,44
ALNY,90.56,44
NX,90.55,43
TBMC,90.54,43
CERS,90.54,43
SHO,90.53,43
GTES,90.53,43
GOOD,90.53,43
MRVI,90.53,43
VRME,90.52,43
GHY,90.51,43
SF,90.49,43
INTZ,90.47,43
CRVO,90.46,43
LQDT,90.46,43
XPEL,90.43,43
KC,90.43,43
NXDT,90.41,43
DHY,90.4,43
BTZ,90.4,43
BIT,90.38,43
EVTC,90.38,43
HBNC,90.38,43
RGNX,90.38,43
CTAS,90.38,43
GEOS,90.37,43
SNDR,90.36,43
ZBH,90.35,43
WHF,90.34,43
RBA,90.34,43
SAR,90.33,43
ACP,90.33,43
RHP,90.32,43
RNST,90.3,43
FHB,90.3,43
OFG,90.3,43
ONB,90.29,43
OPRA,90.27,43
FCO,90.25,43
WFC,90.25,43
PCYO,90.22,43
SARO,90.22,43
WOR,90.21,43
DIS,90.21,43
AOS,90.21,43
UBER,90.2,43
TG,90.2,43
AAT,90.2,43
UZE,90.17,43
BEAM,90.17,43
EVF,90.13,43
AZ,90.12,43
WDI,90.12,43
PRTA,90.12,43
HTFL,90.1,43
SIGI,90.09,43
FRPT,90.08,43
AWI,90.08,43
MRSH,90.06,43
UZF,90.04,43
RMD,90.03,42
LTH,90.02,42
GKOS,90.02,42
EDUC,90.01,42
VTEX,90.01,42
PHIO,89.97,42
MDT,89.97,42
BTO,89.96,42
ONIT,89.96,42
TOWN,89.95,42
BLK,89.93,42
AUDC,89.93,42
PB,89.93,42
JG,89.9,42
USPH,89.9,42
NBTB,89.89,42
KRMD,89.89,42
PDO,89.89,42
SYK,89.89,42
KBDC,89.86,42
VRCA,89.86,42
ESS,89.86,42
AIO,89.84,42
AQST,89.83,42
VVV,89.83,42
MAIN,89.82,42
OTF,89.82,42
HYT,89.8,42
PDI,89.8,42
XYL,89.78,42
CNXN,89.75,42
ALC,89.73,42
SPXX,89.73,42
GEO,89.73,42
XBIT,89.72,42
SGMT,89.7,42
HFRO,89.69,42
FMS,89.69,42
CBU,89.68,42
GIII,89.66,42
BSY,89.61,42
PFN,89.59,42
MCO,89.58,42
GRBK,89.57,42
HYLN,89.55,42
CDNS,89.53,42
QGEN,89.52,42
FNWB,89.51,42
RADX,89.51,42
ITRI,89.5,42
STWD,89.48,42
TTWO,89.47,42
OKTA,89.46,42
EXPO,89.46,42
LEG,89.46,42
TFII,89.45,42
IBM,89.44,42
PSO,89.43,41
FSBW,89.43,41
TLN,89.43,41
HGV,89.41,41
XCUR,89.41,41
AZO,89.4,41
CJMB,89.4,41
ORC,89.39,41
SMA,89.38,41
MIDD,89.37,41
APLE,89.36,41
SPE,89.34,41
AVAV,89.34,41
IDT,89.34,41
JBTM,89.33,41
RZLV,89.33,41
VOYA,89.32,41
SUPV,89.31,41
VICI,89.31,41
SYF,89.31,41
AN,89.31,41
SBFG,89.3,41
BDC,89.3,41
JRS,89.29,41
MMM,89.25,41
PANW,89.24,41
GBDC,89.24,41
ISD,89.24,41
SRTA,89.23,41
MHO,89.23,41
BANX,89.2,41
NEWT,89.19,41
CRI,89.17,41
KRKR,89.16,41
VMC,89.14,41
AVY,89.14,41
VLTO,89.13,41
EQR,89.13,41
VSNT,89.12,41
PCN,89.12,41
HGTY,89.11,41
HUDI,89.11,41
UDR,89.11,41
KTCC,89.1,41
IGC,89.1,41
OPAL,89.07,41
DLY,89.06,41
HOMB,89.05,41
ATHE,89.04,41
RCL,89.02,41
CBT,89.02,41
LIEN,89.01,41
DFIN,89.0,41
PGR,89.0,41
FUTU,89.0,41
NTAP,88.97,41
ATR,88.96,41
WYNN,88.96,41
TFIN,88.96,41
NL,88.96,41
GBCI,88.94,40
EPC,88.92,40
VTSI,88.91,40
KFS,88.9,40
CUK,88.88,40
JRI,88.86,40
TTEK,88.86,40
COOT,88.82,40
TSLA,88.81,40
GOOS,88.8,40
BRW,88.78,40
DSL,88.77,40
ZKH,88.76,40
SBGI,88.75,40
CAR,88.75,40
WKC,88.74,40
CNS,88.73,40
ETY,88.72,40
APTV,88.71,40
MIR,88.71,40
INSG,88.71,40
MA,88.7,40
KDK,88.69,40
OPCH,88.69,40
VANI,88.68,40
V,88.67,40
WETH,88.66,40
HAYW,88.66,40
CGTL,88.65,40
TECH,88.65,40
VVR,88.64,40
KIO,88.64,40
RDNT,88.64,40
MGEE,88.63,40
ASIC,88.63,40
BGX,88.63,40
VRSK,88.62,40
NWS,88.62,40
IAF,88.62,40
NOA,88.61,40
GRDX,88.59,40
IGIC,88.59,40
ICL,88.58,40
EFSC,88.57,40
PERF,88.57,40
GERN,88.56,40
METC,88.55,40
FMNB,88.54,40
COFS,88.48,40
CLM,88.47,40
IGR,88.47,40
BOLD,88.45,40
EHLD,88.44,40
NRO,88.43,40
FRD,88.43,40
PFX,88.42,40
PBH,88.42,40
SAFE,88.41,40
NICE,88.38,40
ONFO,88.37,39
MPT,88.37,39
ARBB,88.37,39
SBET,88.36,39
PUBM,88.36,39
RAL,88.35,39
SWZ,88.33,39
NP,88.33,39
SSB,88.33,39
COLM,88.32,39
WY,88.3,39
RJF,88.3,39
NU,88.29,39
AMP,88.28,39
XPER,88.26,39
LRN,88.25,39
ITIC,88.24,39
FRA,88.23,39
CPT,88.21,39
ACAD,88.21,39
SER,88.2,39
FRME,88.19,39
CIK,88.18,39
CHEF,88.17,39
SNPS,88.14,39
PTHS,88.1,39
PRCH,88.09,39
TRTX,88.07,39
PIPR,88.06,39
CNM,88.05,39
ATEC,88.03,39
DUOT,88.02,39
BKNG,88.02,39
FOXX,88.01,39
RNTX,87.98,39
MNDO,87.97,39
HNVR,87.97,39
CURI,87.95,39
SLRC,87.94,39
CLX,87.92,39
HUN,87.91,39
BOC,87.91,39
RWT,87.91,39
NHS,87.91,39
ZM,87.9,39
CYH,87.88,39
NWSA,87.88,39
XYZ,87.88,39
TMHC,87.87,39
PK,87.87,39
EHC,87.86,39
CRF,87.84,39
FSUN,87.82,39
CCU,87.8,39
YETI,87.8,39
SAIH,87.79,39
MDRR,87.78,39
SBAC,87.76,39
ADUS,87.74,38
IIIN,87.74,38
EPAC,87.74,38
ARGX,87.74,38
ADSK,87.73,38
SRI,87.73,38
IPAR,87.72,38
LKFN,87.7,38
NOVT,87.69,38
PCM,87.67,38
KRO,87.67,38
RJET,87.67,38
ARKO,87.66,38
RVTY,87.65,38
PMT,87.64,38
WRLD,87.64,38
GRND,87.64,38
BANF,87.63,38
VNT,87.62,38
PCRX,87.62,38
WSM,87.6,38
VIPS,87.6,38
SUPX,87.6,38
BTBD,87.59,38
ATLC,87.59,38
HNNA,87.56,38
CSW,87.55,38
KNDI,87.55,38
FNGR,87.53,38
SGC,87.53,38
AIRS,87.52,38
COO,87.52,38
DHI,87.52,38
STAA,87.51,38
SHW,87.51,38
MTUS,87.49,38
SFBS,87.48,38
GDEV,87.45,38
ZETA,87.45,38
RLI,87.44,38
JMIA,87.44,38
FIP,87.43,38
TNYA,87.42,38
REYN,87.41,38
ANGH,87.39,38
SOLV,87.39,38
MH,87.38,38
IQV,87.36,38
EMN,87.35,38
WAT,87.35,38
TILE,87.34,38
IOT,87.34,38
SRAD,87.32,38
PAXS,87.3,38
ASG,87.3,38
MLAB,87.3,38
CACC,87.29,38
TPCS,87.28,38
DPZ,87.26,38
NREF,87.25,37
THCH,87.25,37
XRN,87.25,37
SYBT,87.25,37
HVT,87.23,37
LADR,87.23,37
HLIT,87.21,37
MMS,87.18,37
UMH,87.16,37
WRBY,87.14,37
DLO,87.13,37
ALAB,87.11,37
EOS,87.11,37
FAF,87.09,37
BEKE,87.08,37
OTIS,87.08,37
LNN,87.07,37
CLFD,87.07,37
PBHC,87.07,37
MDAI,87.06,37
RCD,87.06,37
OCUL,87.03,37
IVVD,87.03,37
EXTR,87.01,37
DKS,86.98,37
SCSC,86.97,37
OESX,86.97,37
PTRN,86.96,37
CEG,86.96,37
HRL,86.96,37
SPGI,86.94,37
COEP,86.93,37
VC,86.93,37
MFIC,86.92,37
WH,86.9,37
INUV,86.85,37
PLBL,86.85,37
RFL,86.84,37
BANR,86.84,37
CNH,86.83,37
ITGR,86.82,37
HUYA,86.82,37
NEN,86.82,37
TRMB,86.81,37
SGI,86.8,37
OZK,86.8,37
ACNT,86.78,37
VTS,86.77,37
BDCZ,86.77,37
ALV,86.76,37
GRFS,86.75,37
AEON,86.72,37
BBDC,86.71,37
CPAY,86.69,37
MPAA,86.68,37
BGH,86.67,37
PRT,86.66,37
BCO,86.65,37
NNDM,86.64,36
NCDL,86.64,36
ATLX,86.63,36
VHI,86.63,36
DCH,86.62,36
BGSI,86.61,36
HOUR,86.6,36
CHH,86.58,36
CRNT,86.56,36
VZLA,86.56,36
NMRK,86.55,36
VNET,86.55,36
STRK,86.54,36
EFC,86.51,36
OLLI,86.5,36
BNTX,86.48,36
HQY,86.46,36
MTN,86.46,36
INMD,86.45,36
PTY,86.45,36
LIQT,86.44,36
SANA,86.43,36
AXP,86.42,36
MAX,86.41,36
BCDA,86.41,36
TPB,86.39,36
HSCS,86.37,36
CART,86.37,36
KPRX,86.36,36
PRMB,86.34,36
CADL,86.33,36
INVH,86.32,36
CPSS,86.32,36
CALM,86.31,36
ADMA,86.29,36
WFG,86.25,36
G,86.23,36
HBAN,86.23,36
MOGU,86.22,36
DSGR,86.2,36
LOW,86.18,36
PCF,86.17,36
KIDS,86.17,36
OABI,86.16,36
MAA,86.16,36
CYCN,86.15,36
USA,86.13,36
LOB,86.13,36
LOGI,86.11,36
PEGA,86.09,36
EVR,86.08,36
HOWL,86.08,36
DBX,86.07,36
FORA,86.07,36
CBRE,86.06,36
BWIN,86.06,36
AOMR,86.06,36
CRWS,86.05,36
JRSH,86.04,36
SLNG,86.03,35
DGZ,86.03,35
OGI,86.02,35
GRAL,85.98,35
ARDC,85.98,35
EP,85.94,35
GLXY,85.92,35
PRU,85.91,35
NVCR,85.9,35
AAON,85.88,35
GFF,85.86,35
ARCC,85.86,35
LINE,85.86,35
PLRX,85.82,35
IBN,85.8,35
PN,85.8,35
FPH,85.79,35
BALY,85.77,35
SMMT,85.75,35
SFWL,85.74,35
CRDL,85.72,35
OMCL,85.72,35
WERN,85.72,35
MX,85.72,35
BN,85.7,35
SAH,85.7,35
BSVN,85.7,35
GSBD,85.69,35
JBGS,85.69,35
PPG,85.68,35
BAH,85.67,35
CSTL,85.66,35
BAOS,85.66,35
FEDU,85.65,35
A,85.65,35
SHC,85.65,35
AVNT,85.65,35
SSNC,85.63,35
OPBK,85.62,35
TOON,85.62,35
BXSL,85.61,35
LKQ,85.6,35
SAIA,85.59,35
OZ,85.58,35
MSFT,85.57,35
PTC,85.5,35
GRN,85.48,35
AEO,85.47,35
RDCM,85.47,35
ATKR,85.45,35
PSTG,85.44,35
IRT,85.44,35
ALOT,85.44,35
VFC,85.43,35
FGSN,85.42,35
CRH,85.4,35
AD,85.39,35
TTAM,85.39,35
RELY,85.37,34
BRT,85.31,34
CNF,85.31,34
OSCR,85.3,34
MET,85.28,34
PFGC,85.27,34
IFBD,85.25,34
DLB,85.25,34
MLKN,85.23,34
ATNM,85.22,34
BBY,85.2,34
RCMT,85.2,34
ELMD,85.18,34
ANF,85.17,34
LPLA,85.14,34
BWMN,85.13,34
MLP,85.11,34
FFIN,85.1,34
EPOW,85.09,34
OMF,85.08,34
GMHS,85.08,34
LFWD,85.06,34
UFPT,85.02,34
PRPL,85.01,34
BKYI,85.0,34
EFSI,85.0,34
LII,85.0,34
CLSK,84.97,34
RUN,84.97,34
KLRS,84.96,34
NEXN,84.95,34
OXSQ,84.95,34
MRDN,84.92,34
KMB,84.91,34
SONO,84.88,34
FLYW,84.86,34
NXPI,84.84,34
AUBN,84.84,34
CCRN,84.83,34
ULH,84.81,34
PSNY,84.79,34
AXON,84.79,34
ICUI,84.76,34
VINP,84.75,34
CHSN,84.75,34
CBSH,84.71,34
KSPI,84.71,34
HLP,84.69,34
AMH,84.69,34
PFLT,84.68,34
AUTL,84.67,34
ONMD,84.65,34
CATO,84.63,34
ANIX,84.63,34
IBEX,84.6,34
REXR,84.59,34
STRR,84.59,34
LOAN,84.58,34
URI,84.55,34
PTLO,84.54,33
HUBG,84.53,33
COCP,84.52,33
PAYS,84.52,33
CRSP,84.5,33
FENG,84.48,33
VLRS,84.48,33
PSEC,84.47,33
PW,84.47,33
FINV,84.45,33
PAVM,84.45,33
JD,84.44,33
GWRE,84.41,33
YELP,84.4,33
KPLT,84.4,33
S,84.39,33
SKWD,84.38,33
DECK,84.38,33
ECAT,84.38,33
AVB,84.38,33
BRIA,84.37,33
LEVI,84.36,33
SFM,84.35,33
VFS,84.35,33
ELV,84.34,33
AMS,84.3,33
PCOR,84.3,33
TTEC,84.28,33
OBDC,84.26,33
MOS,84.26,33
HKD,84.25,33
CLPR,84.23,33
RGTI,84.21,33
FDUS,84.21,33
META,84.19,33
CDXS,84.19,33
ZTS,84.19,33
GSM,84.19,33
ACM,84.15,33
MFIN,84.14,33
ABT,84.13,33
USEG,84.12,33
FTEK,84.08,33
AMCR,84.08,33
UFPI,84.07,33
ARX,84.07,33
PNR,84.06,33
KRNT,84.03,33
LOAR,84.01,33
CNC,84.01,33
CHTR,83.99,33
IPM,83.98,33
PZZA,83.98,33
VCYT,83.97,33
IH,83.96,33
LC,83.95,33
SNOW,83.95,33
KTTA,83.94,33
SBC,83.92,32
BABA,83.92,32
KYIV,83.92,32
RAVE,83.9,32
WEST,83.9,32
MMI,83.9,32
GEHC,83.9,32
TROW,83.88,32
CLBT,83.85,32
UNB,83.84,32
CCM,83.84,32
UFI,83.82,32
BOX,83.82,32
XOS,83.82,32
SN,83.81,32
SCKT,83.8,32
TBLA,83.79,32
BV,83.79,32
AS,83.76,32
ASLE,83.75,32
III,83.75,32
PASG,83.74,32
OCSL,83.72,32
ALG,83.67,32
UG,83.61,32
SEED,83.6,32
DT,83.59,32
PDD,83.59,32
IMMR,83.56,32
JYNT,83.56,32
PLG,83.51,32
FNGO,83.48,32
JOBY,83.43,32
SHOO,83.43,32
APAM,83.37,32
ACCS,83.37,32
SKYW,83.36,32
CTRM,83.36,32
NTZ,83.36,32
NVR,83.35,32
DNUT,83.32,32
LGO,83.23,32
ETD,83.22,32
VOYG,83.21,32
SNTG,83.13,32
MRT,83.13,32
NNVC,83.12,32
ALTG,83.09,32
CDRE,83.08,32
IIIV,83.06,32
GCTS,83.05,32
HFFG,83.04,32
GURE,83.04,32
SKYQ,83.03,32
DTST,83.02,32
VREX,83.01,32
ESLA,82.97,32
KHC,82.95,32
ETS,82.95,32
ABEO,82.92,31
TSLX,82.92,31
HURC,82.91,31
NTGR,82.9,31
INTU,82.9,31
OFLX,82.89,31
ALRM,82.88,31
CCL,82.87,31
INOD,82.86,31
VEEV,82.85,31
SAMG,82.84,31
PVH,82.82,31
LFS,82.8,31
ZJK,82.8,31
TRVG,82.79,31
COF,82.76,31
MOMO,82.75,31
ASH,82.75,31
VS,82.75,31
SLGN,82.71,31
ACIW,82.69,31
TSCO,82.68,31
CTSH,82.68,31
QS,82.67,31
UBXG,82.66,31
COCH,82.65,31
RVLV,82.64,31
GNTX,82.64,31
RIGL,82.62,31
SSM,82.62,31
AIHS,82.61,31
SWK,82.6,31
ZONE,82.58,31
UAL,82.54,31
LIVE,82.53,31
PACB,82.49,31
ALH,82.45,31
BRAG,82.45,31
HD,82.44,31
RSKD,82.44,31
SHOP,82.43,31
CIGL,82.43,31
PENN,82.43,31
SPCB,82.39,31
SCVL,82.38,31
BHR,82.38,31
SGHT,82.33,31
VST,82.32,31
AOSL,82.32,31
WGO,82.31,31
MORN,82.31,31
SABR,82.3,31
PROF,82.3,31
TELO,82.3,31
MTNB,82.29,31
RNW,82.29,31
HLMN,82.28,31
PAG,82.27,31
BRKR,82.25,30
LZB,82.21,30
CG,82.2,30
MZTI,82.16,30
AXIL,82.13,30
COMP,82.11,30
TITN,82.11,30
RYN,82.07,30
OMDA,82.04,30
YSG,82.04,30
PPSI,82.04,30
RYZ,81.99,30
MSDL,81.98,30
TCI,81.97,30
FRPH,81.97,30
MPX,81.95,30
SANG,81.95,30
SSII,81.93,30
TCX,81.89,30
RYOJ,81.87,30
COIN,81.87,30
RPT,81.85,30
XRAY,81.84,30
AIN,81.84,30
TAP,81.83,30
BCSF,81.83,30
HOV,81.82,30
KRUS,81.81,30
CCS,81.81,30
RM,81.79,30
CUZ,81.78,30
BDTX,81.75,30
JILL,81.74,30
SSTK,81.73,30
LNC,81.73,30
MESO,81.73,30
CDTG,81.72,30
APPN,81.71,30
CRAI,81.7,30
RGEN,81.69,30
CCAP,81.67,30
GIFT,81.66,30
SWKS,81.65,30
QNRX,81.62,30
BLD,81.61,30
CTSO,81.59,30
WOLF,81.59,30
NRDS,81.58,30
MITQ,81.57,30
CLVT,81.55,30
PENG,81.54,30
PPC,81.48,30
WETO,81.47,30
INKT,81.45,30
BL,81.44,30
NSPR,81.43,30
BROS,81.42,30
FIS,81.39,29
PSIX,81.39,29
LMNR,81.39,29
EBS,81.38,29
YQ,81.38,29
FBRT,81.37,29
IIF,81.36,29
BMI,81.36,29
CIA,81.36,29
SPRY,81.35,29
JHX,81.34,29
HRMY,81.34,29
PWP,81.34,29
BRSL,81.33,29
SEER,81.3,29
MAS,81.29,29
PRZO,81.29,29
MYSE,81.29,29
WPRT,81.28,29
HIPO,81.26,29
BOLT,81.25,29
TOMZ,81.23,29
TFX,81.22,29
HMY,81.21,29
CROX,81.17,29
CHAC,81.14,29
INBK,81.13,29
GCO,81.1,29
RELX,81.09,29
DOX,81.09,29
OPK,81.09,29
LYFT,81.08,29
HNST,81.07,29
ADT,81.06,29
DAIO,81.06,29
OTLY,81.05,29
APP,81.05,29
LCFY,81.05,29
LI,81.01,29
NGVC,81.01,29
SPWH,81.0,29
LE,81.0,29
CGBD,80.99,29
CSBR,80.99,29
RAIN,80.98,29
CWK,80.97,29
TIPT,80.93,29
TRU,80.92,29
TWAV,80.91,29
TCRX,80.88,29
PSBD,80.88,29
VCEL,80.87,29
SCL,80.85,29
DSGX,80.81,29
CHKP,80.81,29
CLNE,80.79,29
HROW,80.79,29
STC,80.77,29
NFGC,80.75,29
SKY,80.75,29
SONY,80.72,28
BLRX,80.7,28
FBGL,80.69,28
AJG,80.69,28
CCC,80.67,28
RMNI,80.67,28
SEVN,80.67,28
PAY,80.66,28
KBR,80.66,28
PMTS,80.62,28
MTRX,80.62,28
STKS,80.61,28
INGN,80.61,28
AKBA,80.6,28
NAII,80.59,28
MBI,80.58,28
LUXE,80.58,28
ELF,80.52,28
ABM,80.45,28
FLY,80.44,28
CPRI,80.43,28
SWIM,80.42,28
RCS,80.42,28
KWM,80.42,28
AYI,80.4,28
TBBK,80.39,28
NMFC,80.39,28
DQ,80.38,28
PNFP,80.35,28
GYRE,80.34,28
SMXT,80.31,28
RDVT,80.3,28
POLA,80.3,28
PODD,80.25,28
CMG,80.23,28
LXFR,80.22,28
CXM,80.22,28
TREE,80.19,28
PGNY,80.16,28
PDM,80.15,28
FJET,80.15,28
GEG,80.14,28
HDL,80.12,28
IHRT,80.11,28
NAMM,80.1,28
KSCP,80.1,28
GOF,80.1,28
CVCO,80.09,28
KNSL,80.09,28
RXO,80.07,28
REAL,80.06,28
BR,80.05,28
CRM,80.05,28
TNC,80.0,28
AOUT,79.99,28
SPOT,79.96,28
RKT,79.96,28
RDIB,79.9,28
GRWG,79.89,28
RPM,79.85,27
AGM,79.84,27
CHE,79.81,27
KMX,79.8,27
MTH,79.77,27
HOOD,79.76,27
SXC,79.72,27
BLSH,79.7,27
QCOM,79.69,27
ORCL,79.66,27
CDW,79.66,27
KBH,79.64,27
AMBR,79.63,27
HTZ,79.62,27
DCTH,79.6,27
MTLS,79.59,27
VSTM,79.59,27
LODE,79.58,27
SW,79.54,27
CWST,79.52,27
EMPD,79.48,27
FUL,79.47,27
UCL,79.45,27
BBW,79.43,27
WB,79.4,27
CHDN,79.4,27
SAFX,79.4,27
GEN,79.39,27
AMSC,79.33,27
LUCK,79.32,27
PRQR,79.31,27
FINW,79.26,27
DNOW,79.25,27
FCEL,79.24,27
DV,79.23,27
WYFI,79.23,27
ALTI,79.21,27
MHK,79.19,27
KFRC,79.17,27
FKWL,79.15,27
DFSC,79.14,27
HDSN,79.13,27
CCG,79.13,27
PAYX,79.12,27
ADP,79.12,27
HMC,79.11,27
EEFT,79.1,27
APO,79.07,27
ARRY,79.06,27
IRTC,79.05,27
BBOT,79.03,27
TC,79.02,27
SRG,79.01,27
TRSG,79.01,27
GIB,79.0,27
LEXX,78.95,27
JBDI,78.95,27
ROP,78.9,27
BRFH,78.89,26
INV,78.81,26
LEGH,78.8,26
HGBL,78.8,26
PAX,78.77,26
AZTR,78.77,26
CPNG,78.76,26
CLRB,78.74,26
COLD,78.74,26
EVGN,78.73,26
LAW,78.71,26
SOFI,78.67,26
API,78.6,26
GLOO,78.6,26
ACRV,78.6,26
GLAD,78.6,26
STEP,78.59,26
CNVS,78.58,26
FSV,78.58,26
CVNA,78.58,26
ESAB,78.58,26
HITI,78.55,26
AHRT,78.54,26
FNF,78.49,26
SUNS,78.49,26
MHLA,78.48,26
SNT,78.47,26
WWR,78.47,26
BRBI,78.47,26
CURX,78.44,26
MMLP,78.44,26
IFN,78.44,26
DDD,78.44,26
HSTM,78.43,26
EIC,78.41,26
CRDF,78.39,26
UNH,78.38,26
FF,78.36,26
ZLAB,78.34,26
FUN,78.29,26
BCC,78.29,26
ATRC,78.28,26
BMBL,78.24,26
EGHT,78.23,26
XMTR,78.2,26
BRO,78.19,26
CMCO,78.19,26
GWRS,78.16,26
HHH,78.16,26
HSPT,78.15,26
NRXP,78.15,26
BFAM,78.13,26
NCLH,78.13,26
YTRA,78.13,26
WK,78.06,26
INN,78.04,26
TASK,78.03,26
MAT,78.02,26
EARN,78.0,26
ABR,77.96,25
EFX,77.94,25
MBUU,77.93,25
DCBO,77.91,25
FSCO,77.88,25
TTRX,77.88,25
SIBN,77.86,25
AUID,77.86,25
SKIN,77.82,25
DRIO,77.81,25
DXC,77.79,25
WWW,77.76,25
ORIO,77.75,25
TOST,77.75,25
BHC,77.74,25
IFRX,77.71,25
AMCX,77.7,25
SKK,77.68,25
GCMG,77.66,25
THRM,77.65,25
ICCM,77.65,25
MTEX,77.63,25
GPN,77.62,25
HBIO,77.62,25
STEX,77.61,25
LINK,77.6,25
KWR,77.54,25
PLUR,77.51,25
BAM,77.51,25
NKLR,77.5,25
QLYS,77.44,25
SVC,77.41,25
RCEL,77.4,25
ONON,77.39,25
LPX,77.37,25
MELI,77.35,25
VIRC,77.34,25
SMHB,77.34,25
CEVA,77.31,25
PJT,77.31,25
COYA,77.3,25
PHUN,77.3,25
AKA,77.29,25
BBWI,77.28,25
CSAN,77.27,25
CAG,77.25,25
MOH,77.2,25
VGAS,77.19,25
HLLY,77.16,25
BLMN,77.16,25
ERIE,77.15,25
MED,77.14,25
ARDT,77.07,25
SERV,77.06,25
DXYZ,77.04,25
MDB,77.03,25
TREX,77.03,25
BLLN,77.02,25
GPI,76.99,24
CLRO,76.98,24
MANH,76.98,24
IOSP,76.98,24
ZSTK,76.96,24
ZBAO,76.93,24
GLBE,76.9,24
PXED,76.9,24
XZO,76.9,24
UCFI,76.9,24
AIRO,76.89,24
HTGC,76.87,24
TYL,76.87,24
BOW,76.86,24
HLI,76.84,24
TPVG,76.84,24
RITM,76.83,24
EXLS,76.72,24
TACT,76.71,24
FSI,76.7,24
TWI,76.67,24
RICK,76.66,24
STXS,76.63,24
MGX,76.62,24
RSSS,76.62,24
TBCH,76.61,24
XLO,76.61,24
OLED,76.6,24
BEEP,76.6,24
KMTS,76.58,24
WIT,76.58,24
AMSF,76.57,24
JANX,76.56,24
MPU,76.56,24
NXRT,76.55,24
AMBQ,76.53,24
AEBI,76.5,24
MKC,76.48,24
AHMA,76.47,24
SNOA,76.47,24
PFSI,76.47,24
LMB,76.45,24
AXTA,76.44,24
RAND,76.41,24
MLCI,76.4,24
LEN,76.39,24
GPC,76.38,24
STG,76.38,24
NKE,76.36,24
KRC,76.34,24
NIXX,76.29,24
WIX,76.29,24
EPAM,76.25,24
BGIN,76.24,24
ZTEK,76.22,24
HDB,76.22,24
DORM,76.21,24
BKKT,76.18,24
CBIO,76.18,24
TWFG,76.16,23
YIBO,76.15,23
BZH,76.15,23
FTLF,76.13,23
HOTH,76.08,23
NUS,76.07,23
HIW,76.06,23
LAES,76.04,23
STFS,76.03,23
TCOM,76.0,23
HWH,76.0,23
XHG,75.97,23
MCHX,75.91,23
GOTU,75.91,23
MC,75.88,23
UPB,75.84,23
UAVS,75.83,23
MLCO,75.83,23
CXT,75.78,23
BMRA,75.78,23
BRNS,75.77,23
LULU,75.75,23
MNSO,75.68,23
OST,75.64,23
BXP,75.61,23
CBRL,75.59,23
SPCE,75.58,23
APPF,75.58,23
NRSN,75.57,23
LWAY,75.54,23
MKZR,75.54,23
FDS,75.52,23
PRG,75.52,23
PAYC,75.52,23
FA,75.5,23
BSX,75.49,23
SLG,75.48,23
ACN,75.48,23
FTRE,75.44,23
HRB,75.43,23
BILL,75.39,23
DEO,75.38,23
SNGX,75.37,23
HY,75.34,23
JJSF,75.32,23
CCB,75.3,23
PCTY,75.26,23
CPRT,75.21,23
PMEC,75.19,23
BB,75.19,23
PYPL,75.17,23
OFIX,75.17,23
INLX,75.14,23
HOG,75.13,23
TKLF,75.11,23
ETOR,75.1,23
STIM,75.07,23
INO,75.05,23
GTIM,75.0,23
RAIL,74.99,22
PLAG,74.99,22
CELU,74.98,22
APWC,74.98,22
SUGP,74.98,22
KRRO,74.96,22
MAN,74.92,22
LSPD,74.91,22
CAL,74.89,22
AMST,74.89,22
CHYM,74.85,22
FLNA,74.83,22
TSQ,74.82,22
CRTO,74.81,22
OTEX,74.78,22
KSS,74.77,22
EQH,74.75,22
MMSI,74.73,22
NTHI,74.73,22
QNST,74.68,22
KROS,74.68,22
VERU,74.67,22
FARM,74.66,22
AVXL,74.64,22
PRKS,74.63,22
FNKO,74.62,22
HERE,74.61,22
WMG,74.6,22
OXM,74.6,22
WAL,74.57,22
SGRP,74.56,22
RACE,74.56,22
PELI,74.55,22
AUST,74.53,22
KEQU,74.53,22
ABG,74.49,22
ATYR,74.47,22
VRTS,74.45,22
GBTG,74.44,22
INTJ,74.43,22
BLFS,74.41,22
FOXF,74.41,22
CTM,74.41,22
HLNE,74.38,22
BDN,74.35,22
CRVL,74.34,22
CNMD,74.34,22
FTCI,74.34,22
SILO,74.34,22
NEO,74.32,22
AAPG,74.32,22
CARL,74.32,22
WEN,74.3,22
GNSS,74.24,22
PLNT,74.19,22
GRPN,74.18,22
RZLT,74.16,22
LFT,74.13,22
OKLO,74.12,21
NDRA,74.12,21
POOL,74.09,21
AGYS,74.06,21
INFY,74.02,21
CMMB,73.99,21
MNRO,73.97,21
UPBD,73.89,21
HPQ,73.84,21
GIS,73.83,21
TENB,73.81,21
CNXC,73.8,21
HIVE,73.78,21
BARK,73.7,21
PAL,73.68,21
TRI,73.67,21
TRIB,73.67,21
CRCT,73.65,21
CRBG,73.64,21
BTAI,73.64,21
EXP,73.58,21
UHAL,73.57,21
LAZ,73.57,21
NAGE,73.56,21
AUR,73.52,21
BHST,73.5,21
PETS,73.48,21
PNNT,73.45,21
CIGI,73.38,21
SPOK,73.35,21
ENOV,73.35,21
STEM,73.32,21
MATV,73.32,21
VUZI,73.29,21
SPWR,73.22,21
BIRK,73.22,21
TNON,73.22,21
AAL,73.16,21
SLM,73.15,21
IONQ,73.15,21
APOG,73.13,21
TDOC,73.11,21
KREF,73.1,21
IP,73.09,21
MDIA,73.06,21
FAMI,73.05,21
PXLW,73.03,21
SSYS,73.02,21
AQMS,73.02,21
BRCB,73.01,21
JBLU,72.99,21
FOA,72.98,21
PMCB,72.93,21
FLX,72.88,21
LAD,72.85,21
ALKT,72.84,21
STVN,72.83,21
NOW,72.8,21
TTAN,72.79,21
FLUX,72.78,20
OSPN,72.75,20
BLIN,72.73,20
ADXN,72.72,20
AMBA,72.67,20
SVV,72.67,20
LW,72.64,20
ICFI,72.62,20
OPTT,72.59,20
OI,72.55,20
ARE,72.52,20
CODI,72.52,20
GGR,72.51,20
WNC,72.51,20
FLL,72.5,20
QCLS,72.49,20
BEEM,72.46,20
AVPT,72.45,20
HNI,72.45,20
HTT,72.44,20
MARA,72.44,20
LTBR,72.42,20
OPFI,72.41,20
BRLT,72.39,20
TZOO,72.34,20
TKNO,72.32,20
MDBH,72.32,20
RPC,72.31,20
DASH,72.28,20
TIGR,72.26,20
BLNE,72.26,20
BBSI,72.24,20
HUM,72.21,20
BX,72.19,20
OPRT,72.17,20
AIRJ,72.16,20
RGP,72.13,20
CLAR,72.1,20
ITP,72.08,20
PSN,72.06,20
SIGA,72.05,20
ZBRA,72.04,20
RBRK,72.02,20
SINT,71.96,20
HHS,71.96,20
SES,71.93,20
ABLV,71.87,20
ADBE,71.86,20
GOGO,71.86,20
MIRA,71.84,20
WSC,71.83,20
DVS,71.82,20
RBLX,71.81,20
NCMI,71.79,20
RNAZ,71.75,20
ACET,71.74,20
GLXG,71.73,20
WAY,71.66,20
LAB,71.65,19
SMID,71.63,19
FICO,71.63,19
HERZ,71.58,19
SEV,71.54,19
IONR,71.52,19
YMM,71.51,19
KYNB,71.46,19
TBHC,71.43,19
FG,71.42,19
EVER,71.41,19
MSW,71.4,19
MGNI,71.39,19
OC,71.36,19
PRTH,71.35,19
ESRT,71.35,19
ALLT,71.33,19
FTRK,71.31,19
SLVM,71.31,19
APLS,71.29,19
SAP,71.27,19
PSKY,71.27,19
SCNX,71.27,19
PSFE,71.26,19
MHNC,71.26,19
NHTC,71.25,19
KLTR,71.23,19
ATHM,71.22,19
COUR,71.2,19
SCM,71.17,19
IMSR,71.16,19
RNAC,71.11,19
XXI,71.09,19
SDGR,71.08,19
NTNX,71.05,19
DOCU,71.04,19
DEI,71.04,19
VNO,71.02,19
LU,70.97,19
THO,70.96,19
TPTA,70.94,19
BTDR,70.93,19
KOSS,70.93,19
MTEK,70.91,19
PEW,70.9,19
CHWY,70.88,19
FLGT,70.86,19
CYN,70.81,19
ALT,70.8,19
HCWC,70.76,19
ZS,70.76,19
CAPS,70.75,19
GELS,70.73,19
RWAY,70.71,19
FWRG,70.71,19
LZM,70.7,19
MWG,70.7,19
NABL,70.67,19
CAI,70.65,19
TPG,70.6,18
SIEB,70.59,18
CHA,70.55,18
SUIG,70.54,18
BAX,70.52,18
GRAB,70.5,18
CPIX,70.49,18
VSTD,70.43,18
WGS,70.43,18
SRPT,70.42,18
UDMY,70.42,18
KKR,70.4,18
WING,70.36,18
CULP,70.34,18
SLNO,70.33,18
LGCB,70.31,18
ATGL,70.25,18
FRSH,70.2,18
EMBC,70.16,18
SID,70.14,18
BZ,70.14,18
NIQ,70.13,18
EVTL,70.12,18
PRCT,70.12,18
BCHT,70.11,18
BLKB,70.1,18
ONL,70.1,18
WVVI,70.09,18
CCEL,70.05,18
SENS,70.04,18
GLE,70.03,18
ADV,70.02,18
OTH,70.0,18
CNTY,69.99,18
VERI,69.98,18
LOBO,69.97,18
AFCG,69.96,18
PI,69.92,18
DOUG,69.91,18
JZ,69.87,18
USIO,69.87,18
ALPS,69.85,18
LZ,69.75,18
NAMI,69.74,18
SNDL,69.71,18
PRGS,69.7,18
RHI,69.7,18
HIMS,69.68,18
ASTL,69.68,18
IPWR,69.66,18
ROCK,69.62,18
RUM,69.59,18
LMRI,69.58,18
KAPA,69.57,18
SNWV,69.56,18
CRSR,69.52,18
NXPL,69.45,18
FISK,69.42,17
RDDT,69.42,17
CTXR,69.41,17
GAIA,69.41,17
NOMD,69.36,17
RMAX,69.35,17
LITS,69.34,17
WRAP,69.32,17
MLTX,69.32,17
FORR,69.32,17
GDTC,69.31,17
BRCC,69.26,17
ATER,69.24,17
INDI,69.23,17
LEGN,69.22,17
ANTA,69.2,17
ASST,69.19,17
NNOX,69.15,17
SBFM,69.13,17
PINS,69.13,17
AMCI,69.11,17
LPA,69.1,17
POAS,69.1,17
ASPI,69.07,17
ESBA,69.05,17
MIST,69.03,17
EOLS,69.01,17
TLSI,68.96,17
RYET,68.95,17
NSIT,68.9,17
AMPH,68.84,17
VIOT,68.83,17
BRLS,68.78,17
TOVX,68.74,17
BUR,68.74,17
SNTI,68.71,17
BMGL,68.67,17
TLF,68.63,17
SMTI,68.6,17
ASGN,68.6,17
AMPL,68.57,17
MNDR,68.53,17
VNCE,68.53,17
RYM,68.52,17
DKNG,68.51,17
IMA,68.5,17
ALAR,68.5,17
TBI,68.47,17
RENT,68.46,17
JCTC,68.46,17
WLTH,68.44,17
GT,68.44,17
IPX,68.36,17
QTWO,68.34,17
NWTG,68.33,17
RR,68.3,17
GENK,68.26,17
QUBT,68.22,17
MSC,68.22,17
RRGB,68.21,17
CMTG,68.19,16
ENGS,68.18,16
ALZN,68.13,16
PLAY,68.1,16
AMBO,68.07,16
HKIT,68.0,16
TOP,67.99,16
WDAY,67.97,16
FBIN,67.95,16
EVO,67.9,16
CLOV,67.89,16
SLP,67.88,16
USNA,67.84,16
CISO,67.82,16
LCID,67.82,16
UPXI,67.8,16
GBFH,67.8,16
VLN,67.78,16
VOR,67.76,16
CELZ,67.74,16
SOWG,67.72,16
ACHR,67.71,16
CFND,67.7,16
LSF,67.7,16
TWG,67.69,16
BTBT,67.65,16
LOT,67.64,16
ASPN,67.62,16
CD,67.55,16
BGLC,67.54,16
HIHO,67.54,16
OGEN,67.52,16
PLTK,67.51,16
ZG,67.46,16
WW,67.4,16
CPB,67.4,16
RBBN,67.4,16
FWDI,67.38,16
IMTE,67.37,16
PAYO,67.36,16
QTRX,67.31,16
MYND,67.3,16
CLF,67.29,16
TRUP,67.28,16
UIS,67.26,16
ENR,67.25,16
POM,67.25,16
BIRD,67.24,16
MSTR,67.19,16
NTRP,67.18,16
TGLS,67.16,16
ESTC,67.15,16
MYO,67.15,16
BLDR,67.14,16
MLEC,67.08,16
FBLG,67.03,16
BZUN,67.02,16
RPID,67.01,15
HCKT,67.01,15
MHH,66.93,15
NTRB,66.92,15
NXDR,66.91,15
U,66.87,15
TIC,66.87,15
CVKD,66.85,15
Z,66.85,15
MYSZ,66.82,15
GRRR,66.81,15
TBRG,66.78,15
INTS,66.77,15
BBGI,66.76,15
PRHI,66.73,15
LDI,66.7,15
BBBY,66.7,15
UPWK,66.68,15
ICLR,66.66,15
INTA,66.64,15
TDUP,66.64,15
YEXT,66.64,15
SFIX,66.62,15
KMPR,66.62,15
SITC,66.62,15
BMR,66.61,15
LIF,66.57,15
CION,66.57,15
HKPD,66.56,15
ACCO,66.55,15
SSTI,66.55,15
WBTN,66.54,15
VRNS,66.52,15
NWL,66.52,15
NNE,66.52,15
FND,66.49,15
GDDY,66.48,15
TNET,66.47,15
PONY,66.43,15
UTZ,66.43,15
OEC,66.42,15
MYGN,66.38,15
RARE,66.34,15
RXRX,66.32,15
ZH,66.32,15
YHGJ,66.3,15
TGE,66.28,15
ALGS,66.25,15
HRI,66.2,15
JFIN,66.19,15
NAVI,66.16,15
MWYN,66.16,15
JBI,66.12,15
ARES,66.05,15
IT,66.0,15
BAFN,65.99,15
GMM,65.99,15
SBLX,65.99,15
DRVN,65.98,15
VATE,65.98,15
SDA,65.96,14
NCTY,65.93,14
LZMH,65.9,14
RYAN,65.89,14
TOPP,65.86,14
PAMT,65.85,14
PIII,65.76,14
OGCP,65.71,14
ACB,65.69,14
FLO,65.52,14
ATOS,65.5,14
EU,65.48,14
SDST,65.47,14
UWMC,65.45,14
TEM,65.42,14
HELP,65.39,14
IPHA,65.39,14
HMR,65.38,14
CNNE,65.38,14
HTCO,65.37,14
GLOB,65.34,14
CERT,65.34,14
NMAX,65.29,14
HTLM,65.24,14
XFLT,65.21,14
INSE,65.2,14
DWTX,65.1,14
AIMD,65.07,14
NVO,65.04,14
SCNI,65.04,14
CLPT,64.97,14
RDAC,64.96,14
BMEA,64.96,14
OGN,64.94,14
CSPI,64.91,14
BRZE,64.9,14
XRTX,64.88,14
AHT,64.86,14
CSGP,64.83,14
CLMB,64.82,14
WAI,64.79,14
LAKE,64.76,14
YXT,64.75,14
HUBS,64.74,14
DNA,64.69,14
QSI,64.69,14
ARCT,64.67,14
REKR,64.64,14
KVYO,64.63,14
APRE,64.62,14
NRDY,64.59,14
ARQQ,64.38,14
ABVE,64.36,14
FMC,64.36,14
GWH,64.36,14
BNGO,64.35,14
GTM,64.35,14
MRCC,64.35,14
LGPS,64.32,13
GDYN,64.28,13
WFF,64.27,13
SPSC,64.26,13
CRMD,64.19,13
MAGN,64.15,13
CCHH,64.12,13
IINN,63.97,13
GHG,63.91,13
DTSS,63.9,13
ZENA,63.88,13
PHR,63.75,13
DOYU,63.75,13
TRIP,63.73,13
IHT,63.71,13
MAPS,63.71,13
MCRB,63.69,13
CRNC,63.66,13
TELA,63.65,13
ALK,63.64,13
HXHX,63.63,13
VRRM,63.58,13
GP,63.56,13
CGC,63.56,13
FLYX,63.53,13
LOVE,63.53,13
LPRO,63.51,13
DFH,63.51,13
GPMT,63.5,13
PROP,63.5,13
CLW,63.47,13
OSRH,63.47,13
MVIS,63.47,13
RIME,63.46,13
ONEW,63.44,13
MBLY,63.38,13
KG,63.38,13
AMIX,63.33,13
AVTR,63.28,13
SGMO,63.27,13
NCNO,63.27,13
TAOP,63.12,13
BLIV,63.09,13
COSM,63.08,13
EH,63.03,13
OWLT,63.02,13
LEDS,62.92,13
FIVN,62.91,13
BRR,62.9,13
MEI,62.85,13
INEO,62.83,13
ALTS,62.82,13
ZEO,62.79,13
DARE,62.74,13
GNLX,62.71,13
SGRY,62.67,13
TIL,62.62,13
FC,62.6,13
ERII,62.52,12
BGI,62.52,12
FGI,62.48,12
BLZE,62.47,12
ECC,62.45,12
EOSE,62.44,12
CABO,62.42,12
BTCT,62.41,12
BON,62.32,12
GNS,62.27,12
BIVI,62.27,12
CCIF,62.27,12
BOOM,62.18,12
CCOI,62.15,12
TLRY,62.14,12
SAIL,62.12,12
FSK,62.09,12
BBAI,62.07,12
LUCY,61.98,12
FTHM,61.93,12
XPOF,61.88,12
MVST,61.87,12
SMPL,61.79,12
AISP,61.77,12
ARHS,61.75,12
HELE,61.73,12
IMNN,61.73,12
SG,61.72,12
VIVS,61.65,12
FLWS,61.64,12
MYPS,61.64,12
VNTG,61.54,12
SLAI,61.52,12
BEAT,61.51,12
AWRE,61.46,12
MBIO,61.44,12
GDRX,61.43,12
MNTN,61.43,12
EXPI,61.37,12
NPWR,61.35,12
STLA,61.34,12
SLNH,61.26,12
TTD,61.25,12
GSHD,61.24,12
AFRM,61.23,12
NLOP,61.23,12
SPMC,61.16,12
WEAV,61.14,12
FISV,61.12,12
LUNG,61.08,12
PDSB,61.07,12
MDXG,61.06,12
SOUN,60.99,12
ATRA,60.97,12
EBON,60.95,12
BHVN,60.92,12
DMRC,60.92,12
YOUL,60.91,12
VERX,60.9,12
NSP,60.89,11
SDM,60.87,11
PDCC,60.87,11
IMRN,60.85,11
WHR,60.82,11
OXLC,60.75,11
GTBP,60.74,11
INSP,60.71,11
LTRN,60.68,11
BCYC,60.67,11
ZDAI,60.66,11
REAX,60.66,11
NVX,60.66,11
GLMD,60.6,11
NAAS,60.6,11
OCCI,60.6,11
OPTU,60.57,11
REE,60.56,11
SNAP,60.52,11
INCR,60.51,11
IART,60.49,11
WPP,60.42,11
CMRC,60.38,11
WD,60.33,11
MGPI,60.32,11
JEF,60.3,11
ISPR,60.27,11
DDC,60.26,11
NAVN,60.21,11
ELOG,60.2,11
HCHL,60.16,11
ORKT,60.14,11
SURG,60.1,11
EVGO,60.08,11
OPRX,60.05,11
CNCK,60.04,11
ENTX,60.02,11
LFVN,60.0,11
KNRX,59.91,11
INVZ,59.75,11
WRD,59.74,11
COE,59.74,11
AIV,59.66,11
ASTC,59.57,11
APPS,59.52,11
BLNK,59.51,11
MBC,59.49,11
UPC,59.49,11
GTEC,59.44,11
AERO,59.43,11
REFR,59.41,11
BNZI,59.41,11
SNES,59.37,11
NVNO,59.35,11
ENVX,59.34,11
GETY,59.34,11
ZGM,59.33,11
MLSS,59.3,11
TME,59.29,11
EVEX,59.28,10
XYF,59.24,10
CHPT,59.23,10
PD,59.23,10
AZTA,59.22,10
OM,59.22,10
PULM,59.18,10
BXC,59.16,10
LGIH,59.13,10
AGAE,59.11,10
CRE,59.08,10
SPHL,58.96,10
COTY,58.95,10
BTCS,58.91,10
TRAK,58.9,10
ENSC,58.87,10
EHGO,58.83,10
BLND,58.8,10
SNYR,58.79,10
AMWD,58.79,10
HUIZ,58.78,10
GHI,58.73,10
RDHL,58.67,10
TANH,58.66,10
ANGI,58.64,10
CVLT,58.62,10
PTON,58.56,10
SWVL,58.54,10
GAMB,58.54,10
KULR,58.47,10
CETY,58.45,10
TOPS,58.43,10
PCSA,58.37,10
INDP,58.37,10
CAN,58.36,10
HRTX,58.35,10
SE,58.34,10
PCT,58.32,10
GECC,58.23,10
QFIN,58.21,10
ICMB,58.19,10
BBLG,58.17,10
CORT,58.16,10
PLCE,58.14,10
QMCO,58.01,10
VTGN,58.0,10
ALVO,57.97,10
VYX,57.95,10
SFHG,57.93,10
UK,57.91,10
SMR,57.9,10
SDHC,57.88,10
CARS,57.85,10
BULL,57.83,10
HRZN,57.82,10
TGEN,57.81,10
JYD,57.71,10
SCLX,57.66,10
OSG,57.6,9
PGY,57.57,9
CPOP,57.52,9
GWAV,57.52,9
CDLX,57.42,9
OWL,57.41,9
RVYL,57.39,9
CDIO,57.38,9
GRAN,57.33,9
TCPC,57.31,9
MAXN,57.3,9
WTF,57.3,9
IQ,57.27,9
GAME,57.26,9
JSPR,57.19,9
ICG,57.19,9
EAF,57.14,9
ATXG,57.12,9
BCIC,57.11,9
CUE,57.09,9
XPON,57.06,9
HPAI,56.99,9
TTGT,56.98,9
INMB,56.98,9
RPAY,56.98,9
AIXC,56.97,9
YCBD,56.93,9
ANGX,56.77,9
FWRD,56.77,9
EXOZ,56.77,9
SQFT,56.76,9
SGLY,56.69,9
TFSA,56.62,9
LUD,56.57,9
RCT,56.46,9
CSTE,56.46,9
BZFD,56.45,9
CBZ,56.43,9
SERA,56.41,9
RH,56.4,9
NYXH,56.38,9
PACK,56.36,9
NIPG,56.27,9
RKDA,56.26,9
LX,56.13,9
SORA,56.05,9
AERT,55.85,9
DAVA,55.79,9
CXAI,55.7,9
XTLB,55.64,9
MXCT,55.64,9
GGRP,55.58,9
ULCC,55.52,9
NTSK,55.47,9
RCON,55.47,9
WALD,55.35,9
ABTC,55.33,9
GPRO,55.32,9
LFCR,55.3,9
GFAI,55.27,8
SMCI,55.22,8
INM,55.01,8
VNRX,55.01,8
DJT,55.01,8
GTLB,54.97,8
BTQ,54.94,8
BRBR,54.89,8
XGN,54.82,8
DFLI,54.8,8
TVRD,54.74,8
FOFO,54.73,8
RECT,54.66,8
IPDN,54.56,8
UP,54.56,8
LENZ,54.54,8
ORGO,54.52,8
AEMD,54.43,8
FIG,54.36,8
AI,54.32,8
RXST,54.24,8
GNPX,54.23,8
DOCS,54.21,8
EPSM,54.15,8
BFRG,54.11,8
PPBT,54.01,8
FOUR,53.9,8
DCGO,53.87,8
AIRE,53.84,8
HTOO,53.82,8
AUUD,53.81,8
CNET,53.75,8
NWGL,53.75,8
RETO,53.63,8
DRMA,53.57,8
AIOT,53.57,8
ROOT,53.55,8
ADVB,53.55,8
NEXM,53.51,8
EVH,53.5,8
DOMH,53.49,8
TPST,53.45,8
UPST,53.43,8
MIMI,53.42,8
ASNS,53.34,8
ASAN,53.28,8
ACON,53.28,8
UFG,53.22,8
PSTV,53.16,8
ELBM,53.15,8
PRGO,53.14,8
BQ,53.1,8
OXBR,53.05,8
QDEL,53.03,8
LGCL,53.03,8
ACCL,53.0,8
TGHL,52.98,8
BBNX,52.91,8
CRGO,52.82,7
SNAL,52.79,7
NOMA,52.78,7
KD,52.77,7
FRMI,52.7,7
ECX,52.7,7
BTMD,52.58,7
RC,52.53,7
STSS,52.44,7
SKLZ,52.39,7
TIVC,52.29,7
SPPL,52.26,7
TEAM,52.22,7
XAIR,52.18,7
AIM,52.13,7
FVRR,52.11,7
BCTX,52.08,7
ZIP,52.01,7
GPK,51.99,7
MNTK,51.95,7
ZOOZ,51.93,7
BETA,51.93,7
OLB,51.9,7
JACK,51.89,7
ILAG,51.89,7
ZBAI,51.89,7
AGL,51.88,7
AIFU,51.87,7
USBC,51.83,7
WXM,51.8,7
SOBR,51.72,7
FATN,51.68,7
SQNS,51.62,7
FLUT,51.53,7
CRIS,51.46,7
BJDX,51.41,7
OWLS,51.4,7
TEAD,51.4,7
FEAM,51.4,7
MNDY,51.34,7
CNDT,51.28,7
BYND,51.25,7
ICU,51.11,7
SLE,51.08,7
AEYE,51.03,7
LNSR,50.95,7
LOCL,50.7,7
CLIR,50.69,7
WKSP,50.65,7
VVOS,50.61,7
RGNT,50.59,7
SEAT,50.58,7
DKI,50.49,7
HUMA,50.48,7
TDTH,50.48,7
AVX,50.39,7
HPP,50.39,7
ZVIA,50.35,7
GEMI,50.31,7
CVM,50.3,6
ACH,50.26,6
PSQH,50.2,6
SELX,50.12,6
CTOR,49.96,6
BESS,49.9,6
HOLO,49.81,6
NEON,49.79,6
CWD,49.79,6
VRM,49.76,6
CENN,49.74,6
NXL,49.69,6
FNUC,49.62,6
FSP,49.62,6
GPUS,49.59,6
FUFU,49.57,6
WIMI,49.45,6
GENI,49.42,6
SRFM,49.4,6
VTAK,49.34,6
NCEL,49.33,6
ACVA,49.3,6
AMC,49.26,6
DUOL,49.2,6
KLAR,49.15,6
TJGC,49.14,6
BYRN,49.13,6
AURE,49.04,6
MMYT,49.0,6
JUNS,48.97,6
DUO,48.93,6
YDKG,48.83,6
FUSE,48.81,6
HCWB,48.73,6
ANY,48.69,6
GSIW,48.66,6
LXEH,48.59,6
SDOT,48.55,6
ALBT,48.49,6
YYAI,48.47,6
QRHC,48.43,6
DCOY,48.41,6
GAUZ,48.26,6
WYHG,48.24,6
GOCO,48.24,6
AVD,48.19,6
XHLD,48.16,6
HTCR,48.09,6
DOMO,48.01,6
SHFS,47.99,6
SPT,47.9,6
SOS,47.86,6
MATH,47.81,6
SOPA,47.81,6
BNC,47.75,6
MKDW,47.73,6
UHG,47.56,6
OFS,47.47,6
JXG,47.44,5
MERC,47.32,5
NOTV,47.3,5
GIBO,47.14,5
NAKA,47.03,5
DLXY,47.02,5
FUBO,47.02,5
COOK,47.02,5
FRSX,46.95,5
MIGI,46.91,5
WBUY,46.91,5
VIA,46.89,5
MSAI,46.87,5
VSEE,46.86,5
ARBE,46.75,5
EZGO,46.69,5
GUTS,46.59,5
PMNT,46.52,5
DXLG,46.49,5
CLGN,46.48,5
HCAT,46.47,5
BZAI,46.43,5
STUB,46.41,5
SCAG,46.38,5
TLIH,46.32,5
RPD,46.3,5
IQST,46.23,5
YDES,46.18,5
SKYE,46.16,5
LPSN,46.07,5
HYFM,46.07,5
GO,46.05,5
BCAB,45.96,5
STKE,45.84,5
BRTX,45.84,5
EXFY,45.83,5
MAMO,45.79,5
HIND,45.76,5
ATHR,45.75,5
CTEV,45.73,5
ATCH,45.61,5
XBP,45.53,5
MLGO,45.38,5
BGMS,45.32,5
SMWB,45.25,5
LASE,45.2,5
CUPR,45.03,5
HSDT,45.01,5
EHTH,44.92,5
WKHS,44.86,5
NCPL,44.85,5
NTCL,44.65,5
DEVS,44.61,5
PMI,44.59,5
ARQ,44.59,5
MMA,44.52,5
CHGG,44.46,5
CPHI,44.43,5
MNKD,44.25,5
LMFA,44.01,4
OFAL,43.99,4
OLOX,43.94,4
CWH,43.93,4
INLF,43.9,4
ORBS,43.81,4
SEGG,43.79,4
AGRZ,43.76,4
GCL,43.75,4
SRXH,43.74,4
UONE,43.72,4
XRX,43.56,4
SXTP,43.53,4
OPAD,43.36,4
SVRE,43.24,4
VITL,43.2,4
NCNA,42.94,4
VENU,42.9,4
ENVB,42.78,4
HAIN,42.72,4
SLXN,42.7,4
QUCY,42.67,4
RENX,42.59,4
IOTR,42.57,4
AGIG,42.33,4
NFE,42.31,4
CODX,42.3,4
ITOC,42.25,4
SLSN,42.18,4
BTOC,42.09,4
BNBX,42.03,4
MNTS,41.83,4
CANF,41.58,4
DEFT,41.54,4
ARBK,41.54,4
EZRA,41.48,4
DH,41.46,4
YMAT,41.38,4
IVDA,41.38,4
IMCC,41.37,4
TRUG,41.37,4
PRFX,41.04,4
LNAI,41.0,4
SONM,40.99,4
AMOD,40.97,4
INBS,40.93,4
SLGB,40.86,4
EXOD,40.85,4
VRAX,40.72,4
SHPH,40.7,4
EDHL,40.64,4
INHD,40.55,4
MBRX,40.44,4
MRNO,40.39,4
LESL,40.35,4
GDHG,40.33,4
BNKK,40.29,4
SOAR,40.27,4
CALC,40.17,3
FGNX,40.04,3
CRMT,39.98,3
WORX,39.79,3
MEHA,39.76,3
YRD,39.75,3
SBEV,39.74,3
TGL,39.64,3
STKH,39.64,3
TNMG,39.48,3
ARAY,39.44,3
CSAI,39.33,3
OTLK,39.3,3
KITT,39.14,3
WTO,39.02,3
ACTU,39.01,3
TDIC,38.89,3
MENS,38.76,3
PAR,38.76,3
YAAS,38.73,3
BTTC,38.72,3
ZJYL,38.72,3
ALIT,38.61,3
THRY,38.58,3
FRMM,38.56,3
IVF,38.53,3
FLD,38.46,3
SKIL,38.3,3
SUUN,38.29,3
GIPR,38.28,3
CNEY,38.28,3
ITRM,38.24,3
NSRX,38.21,3
NCL,38.11,3
SLND,38.04,3
JEM,37.78,3
LVWR,37.52,3
CHAI,37.43,3
SLQT,37.22,3
DBGI,37.22,3
FRGT,37.18,3
ATON,37.07,3
SPRC,36.98,3
ZCMD,36.54,3
ADIL,36.52,3
TMCI,36.43,3
ISPC,36.3,3
SBDS,36.29,3
AMZE,36.27,3
DSY,36.26,3
DXF,36.24,3
FCHL,36.08,3
NXGL,36.04,3
EEIQ,35.77,3
ATPC,35.7,3
CIIT,35.68,3
NXXT,35.66,3
NVNI,35.59,3
GNTA,35.54,3
AIIO,35.51,2
PAPL,35.46,2
RITR,35.36,2
HCAI,35.31,2
ZYBT,35.3,2
GVH,34.86,2
WSHP,34.78,2
UGRO,34.73,2
KLC,34.72,2
REVB,34.61,2
LIMN,34.55,2
AIOS,34.5,2
TBH,34.47,2
ONCO,34.43,2
ALDX,34.32,2
JELD,34.29,2
CNSP,34.26,2
JZXN,34.13,2
AKTX,34.02,2
NCRA,33.69,2
NUWE,33.59,2
SST,33.54,2
VEEE,33.46,2
FTFT,33.42,2
IZM,33.39,2
GOVX,33.26,2
CYCU,33.23,2
NOTE,33.13,2
ERNA,33.12,2
UPLD,32.81,2
RVSN,32.74,2
AARD,32.69,2
JAGX,32.6,2
MREO,32.51,2
PTLE,32.5,2
MODD,32.39,2
LHAI,32.36,2
AGMH,32.32,2
ARAI,32.09,2
ELME,32.0,2
MTVA,31.98,2
BTM,31.8,2
DOGZ,31.79,2
AGPU,31.78,2
ODD,31.45,2
BTOG,31.0,2
ORGN,30.89,2
GRI,30.78,2
QNTM,30.7,2
SLMT,30.46,2
CLIK,30.36,2
PASW,30.29,2
SMTK,30.29,2
FLYE,30.24,2
NXTS,30.12,2
RMSG,30.01,2
BIOX,29.79,2
BOXL,29.78,2
GNLN,29.34,1
FFAI,29.3,1
CANG,29.23,1
JFBR,29.09,1
SNBR,28.69,1
GCTK,28.67,1
AKAN,28.27,1
WLDS,28.26,1
PCLA,28.21,1
MSS,28.18,1
AZI,28.02,1
LHSW,27.98,1
DCX,27.78,1
FCUV,27.67,1
IOBT,27.66,1
JTAI,27.65,1
BURU,27.29,1
CHR,27.02,1
DTCK,26.99,1
CHOW,26.97,1
APVO,26.9,1
KALA,26.81,1
LGHL,26.76,1
MDCX,26.5,1
VMAR,26.42,1
RAYA,26.39,1
ICON,26.16,1
DXST,26.08,1
NXTT,25.86,1
CDT,25.62,1
WGRX,25.57,1
PBM,25.51,1
NVVE,25.38,1
MASK,25.16,1
XXII,25.16,1
MSGY,25.03,1
GV,24.93,1
FEED,24.68,1
SVRN,24.56,1
BIYA,24.56,1
OCG,24.56,1
BGL,24.45,1
WOK,24.23,1
NCT,24.12,1
KUST,24.02,1
EUDA,23.79,1
NBY,23.61,1
ZSPC,23.61,1
DRCT,23.44,1
WCT,23.33,1
CCTG,23.23,1
ORIS,22.56,1
DGNX,22.41,1
BDRX,22.38,1
CETX,21.99,1
AIXI,21.38,1
IXHL,21.32,1
PPCB,21.32,1
TVGN,21.23,1
MTEN,21.1,0
CMND,21.06,0
DFNS,20.8,0
EDBL,20.77,0
WHLR,20.61,0
IPW,20.42,0
BGM,20.4,0
YMT,20.23,0
RBNE,19.89,0
DAIC,19.64,0
AEHL,19.61,0
GOSS,19.56,0
GSUN,19.38,0
CLDI,19.38,0
THH,19.24,0
CREG,18.55,0
IMMP,18.47,0
ASBP,18.18,0
TRNR,17.31,0
KIDZ,17.23,0
KXIN,17.2,0
LRHC,16.88,0
QNCX,16.59,0
JDZG,16.34,0
CISS,16.19,0
NIVF,16.15,0
IPST,15.91,0
BNRG,15.81,0
FGL,15.64,0
SXTC,15.62,0
GMEX,15.4,0
BYAH,15.1,0
VSA,14.78,0
IBG,14.61,0
ELAB,13.77,0
MGRX,13.37,0
RUBI,13.34,0
PMAX,13.3,0
HCTI,12.15,0
XTKG,11.99,0
PFSA,11.3,0
ADTX,11.28,0
RVPH,9.98,0
MI,9.87,0
EJH,9.79,0
AREB,9.6,0
PAVS,9.52,0
YYGH,9.05,0
UCAR,8.37,0
SMX,7.96,0
WNW,7.92,0
RPGL,5.58,0
QH,4.6,0
ZNB,4.09,0
HUBC,3.4,0
VCIG,3.34,0
LBGJ,2.95,0
CMCT,2.86,0
ELPW,2.08,0
