ticker,date,open,high,low,close,volume
A,2025-02-04,148.02000427246094,148.64999389648438,146.27000427246094,147.0399932861328,1290900
A,2025-02-05,147.88999938964844,148.7100067138672,146.30999755859375,147.99000549316406,1348100
A,2025-02-06,147.02000427246094,148.61000061035156,146.1999969482422,147.63999938964844,1143000
A,2025-02-07,148.2100067138672,149.38999938964844,144.41000366210938,145.2100067138672,1557800
A,2025-02-10,145.5800018310547,145.85000610351562,141.8300018310547,143.69000244140625,1764700
A,2025-02-11,142.22999572753906,144.1999969482422,141.32000732421875,141.75,1134200
A,2025-02-12,138.77999877929688,139.8000030517578,136.39999389648438,138.0800018310547,2103600
A,2025-02-13,138.27000427246094,138.35000610351562,136.05999755859375,136.4499969482422,1395400
A,2025-02-14,136.99000549316406,137.16000366210938,134.30999755859375,134.6699981689453,1358700
A,2025-02-18,134.50999450683594,136.19000244140625,133.94000244140625,135.1999969482422,2121000
A,2025-02-19,134.58999633789062,137.49000549316406,134.0500030517578,137.14999389648438,1738100
A,2025-02-20,137.66000366210938,138.5800018310547,136.10000610351562,136.7899932861328,872700
A,2025-02-21,136.86000061035156,137.52999877929688,135.14999389648438,135.3699951171875,1112200
A,2025-02-24,135.5,136.94000244140625,134.77000427246094,135.27999877929688,2037500
A,2025-02-25,135.14999389648438,136.27999877929688,133.1999969482422,134.17999267578125,2607000
A,2025-02-26,135.0,136.47000122070312,133.64999389648438,134.47000122070312,1539900
A,2025-02-27,128.77999877929688,131.32000732421875,125.80999755859375,127.08000183105469,3469100
A,2025-02-28,128.1999969482422,129.50999450683594,125.95999908447266,127.91999816894531,2852700
A,2025-03-03,129.0,129.0,125.63999938964844,126.33000183105469,2184500
A,2025-03-04,125.0,125.75,121.44999694824219,123.05999755859375,2524100
A,2025-03-05,122.4800033569336,127.30000305175781,122.29000091552734,126.51000213623047,2046900
A,2025-03-06,126.0,129.5,125.7699966430664,126.55000305175781,2300000
A,2025-03-07,125.94999694824219,128.10000610351562,124.4000015258789,126.69999694824219,2056100
A,2025-03-10,125.20999908447266,126.6500015258789,121.62000274658203,121.9000015258789,3412300
A,2025-03-11,122.58999633789062,123.27999877929688,119.30000305175781,121.02999877929688,2106600
A,2025-03-12,122.0999984741211,123.69999694824219,119.08000183105469,119.8499984741211,1807100
A,2025-03-13,119.0,120.08000183105469,117.16999816894531,117.33000183105469,1984800
A,2025-03-14,118.80999755859375,122.05000305175781,117.5,121.18000030517578,2978800
A,2025-03-17,121.0999984741211,123.5,120.77999877929688,122.48999786376953,2015400
A,2025-03-18,122.0999984741211,123.19999694824219,121.41999816894531,123.0999984741211,1415400
A,2025-03-19,122.55999755859375,123.23999786376953,121.30999755859375,122.20999908447266,1706100
A,2025-03-20,121.72000122070312,122.08000183105469,119.69000244140625,120.27999877929688,1620600
A,2025-03-21,119.37999725341797,120.77999877929688,117.91999816894531,120.75,3041400
A,2025-03-24,121.87999725341797,124.43000030517578,120.88999938964844,121.97000122070312,1557400
A,2025-03-25,122.5999984741211,123.04000091552734,119.76000213623047,120.51000213623047,1605900
A,2025-03-26,120.72000122070312,121.13999938964844,119.05000305175781,119.9000015258789,2652900
A,2025-03-27,120.0,120.33000183105469,118.7300033569336,118.97000122070312,2075700
A,2025-03-28,119.20999908447266,119.66000366210938,116.36000061035156,116.69000244140625,1772900
A,2025-03-31,116.36000061035156,117.7300033569336,113.76000213623047,116.9800033569336,2014000
A,2025-04-01,116.41999816894531,116.47000122070312,113.36000061035156,114.05000305175781,2302800
A,2025-04-02,113.12000274658203,116.23999786376953,112.75,115.98999786376953,1947600
A,2025-04-03,113.0999984741211,113.9000015258789,109.56999969482422,109.66999816894531,3802400
A,2025-04-04,107.13999938964844,107.69999694824219,102.8499984741211,103.0,3826300
A,2025-04-07,102.62999725341797,107.0,98.51000213623047,103.58999633789062,3562900
A,2025-04-08,106.05999755859375,106.76000213623047,97.37000274658203,99.29000091552734,4525100
A,2025-04-09,98.05999755859375,107.30000305175781,96.43000030517578,107.05000305175781,4234600
A,2025-04-10,104.81999969482422,105.27999877929688,96.80999755859375,99.94999694824219,4977800
A,2025-04-11,101.1500015258789,103.33999633789062,98.86000061035156,102.70999908447266,2849100
A,2025-04-14,104.94000244140625,106.20999908447266,104.0,105.19000244140625,1906700
A,2025-04-15,104.30000305175781,105.25,102.54000091552734,103.12000274658203,1326700
A,2025-04-16,103.22000122070312,104.83000183105469,101.87000274658203,102.69999694824219,1454400
A,2025-04-17,102.62999725341797,103.5,101.36000061035156,102.4800033569336,1769900
A,2025-04-21,101.8499984741211,102.04000091552734,99.12000274658203,100.26000213623047,2321800
A,2025-04-22,102.0,103.94000244140625,101.19999694824219,102.80999755859375,2321500
A,2025-04-23,106.66999816894531,109.62000274658203,104.75,105.0,2236200
A,2025-04-24,105.41999816894531,107.08000183105469,103.16000366210938,107.0199966430664,1989400
A,2025-04-25,105.87000274658203,106.43000030517578,104.3499984741211,106.27999877929688,1120600
A,2025-04-28,107.3499984741211,108.55999755859375,105.38999938964844,106.87000274658203,1689700
A,2025-04-29,106.9000015258789,108.0199966430664,105.77999877929688,107.45999908447266,1201800
A,2025-04-30,106.95999908447266,107.94999694824219,105.44999694824219,107.5999984741211,1452200
A,2025-05-01,107.25,108.2300033569336,104.0999984741211,106.45999908447266,1523100
A,2025-05-02,109.23999786376953,110.33000183105469,107.44999694824219,108.62999725341797,1213100
A,2025-05-05,108.0999984741211,109.25,107.45999908447266,108.37000274658203,1385500
A,2025-05-06,107.25,108.20999908447266,104.36000061035156,105.23999786376953,1960600
A,2025-05-07,106.69000244140625,107.5999984741211,104.79000091552734,107.5199966430664,2143700
A,2025-05-08,108.0,110.6500015258789,106.55000305175781,108.69999694824219,2093300
A,2025-05-09,108.95999908447266,109.86000061035156,106.79000091552734,106.93000030517578,1369500
A,2025-05-12,110.80999755859375,115.70999908447266,110.44999694824219,115.55000305175781,2873100
A,2025-05-13,115.43000030517578,116.87999725341797,114.81999969482422,115.41999816894531,2845300
A,2025-05-14,114.94999694824219,115.5,111.27999877929688,111.5199966430664,2563400
A,2025-05-15,111.27999877929688,112.4000015258789,108.93000030517578,112.4000015258789,1873900
A,2025-05-16,112.27999877929688,113.83000183105469,110.81999969482422,113.7699966430664,1812000
A,2025-05-19,112.5,113.47000122070312,112.02999877929688,113.44000244140625,2086300
A,2025-05-20,113.44999694824219,114.13999938964844,112.66000366210938,113.4800033569336,2245800
A,2025-05-21,112.0,112.61000061035156,108.69999694824219,108.91000366210938,2859800
A,2025-05-22,108.36000061035156,110.19000244140625,107.97000122070312,109.68000030517578,2379800
A,2025-05-23,107.77999877929688,109.05999755859375,107.06999969482422,108.52999877929688,1691000
A,2025-05-27,110.75,111.7699966430664,109.97000122070312,111.26000213623047,2103900
A,2025-05-28,110.83000183105469,111.58000183105469,110.13999938964844,110.87999725341797,2733100
A,2025-05-29,116.94999694824219,116.98999786376953,113.0,113.27999877929688,3837400
A,2025-05-30,112.02999877929688,112.91000366210938,110.79000091552734,111.91999816894531,4753600
A,2025-06-02,111.13999938964844,111.41000366210938,110.02999877929688,111.05000305175781,1757000
A,2025-06-03,110.88999938964844,112.98999786376953,109.75,112.76000213623047,1491200
A,2025-06-04,113.36000061035156,115.29000091552734,112.88999938964844,114.94000244140625,2692800
A,2025-06-05,115.41999816894531,115.5,113.63999938964844,113.94000244140625,1875900
A,2025-06-06,115.41000366210938,116.0199966430664,114.77999877929688,115.80000305175781,1556400
A,2025-06-09,116.61000061035156,118.47000122070312,115.7699966430664,116.73999786376953,2147800
A,2025-06-10,117.9000015258789,121.16000366210938,117.12999725341797,120.5199966430664,3499500
A,2025-06-11,120.76000213623047,122.83000183105469,119.66999816894531,119.72000122070312,2752400
A,2025-06-12,118.9800033569336,120.05000305175781,118.52999877929688,118.91000366210938,1361500
A,2025-06-13,116.68000030517578,118.9000015258789,116.44999694824219,117.08000183105469,1652000
A,2025-06-16,117.69000244140625,119.33999633789062,115.56999969482422,119.0199966430664,1402800
A,2025-06-17,117.5,118.47000122070312,115.81999969482422,116.08999633789062,1577100
A,2025-06-18,116.08999633789062,116.87999725341797,114.66999816894531,115.5199966430664,1560300
A,2025-06-20,116.16999816894531,116.86000061035156,115.08000183105469,115.55999755859375,3043900
A,2025-06-23,114.94999694824219,116.2300033569336,113.69999694824219,116.12999725341797,1448400
A,2025-06-24,117.33000183105469,118.0,116.56999969482422,117.63999938964844,1945300
A,2025-06-25,117.11000061035156,119.77999877929688,116.97000122070312,118.62000274658203,1690000
A,2025-06-26,119.18000030517578,120.54000091552734,118.04000091552734,119.41999816894531,1488000
A,2025-06-27,120.0,120.20999908447266,118.18000030517578,119.16999816894531,1734700
A,2025-06-30,119.19000244140625,119.66000366210938,117.44999694824219,118.01000213623047,1602400
A,2025-07-01,117.44000244140625,123.16000366210938,116.83999633789062,120.44999694824219,1935700
A,2025-07-02,121.0,121.58999633789062,119.45999908447266,120.66000366210938,1467100
A,2025-07-03,121.0,121.75,120.66999816894531,121.37999725341797,945000
A,2025-07-07,120.4000015258789,120.75,118.0999984741211,119.25,1459900
A,2025-07-08,119.58000183105469,123.11000061035156,119.27999877929688,121.01000213623047,1917000
A,2025-07-09,121.4000015258789,122.3499984741211,118.9000015258789,121.30000305175781,1806700
A,2025-07-10,121.62999725341797,126.44000244140625,120.94000244140625,124.16999816894531,2269500
A,2025-07-11,122.93000030517578,123.66000366210938,122.33999633789062,123.27999877929688,1383000
A,2025-07-14,121.83999633789062,121.86000061035156,119.2699966430664,120.08000183105469,2028700
A,2025-07-15,118.0,119.76000213623047,111.93000030517578,112.94000244140625,3950600
A,2025-07-16,113.45999908447266,114.45999908447266,111.86000061035156,113.43000030517578,2248800
A,2025-07-17,114.0999984741211,116.56999969482422,113.25,116.36000061035156,1552900
A,2025-07-18,116.81999969482422,117.19999694824219,113.52999877929688,113.98999786376953,1521800
A,2025-07-21,113.2300033569336,113.66000366210938,110.75,112.04000091552734,2060800
A,2025-07-22,112.8499984741211,117.05000305175781,112.13999938964844,116.19000244140625,1692000
A,2025-07-23,119.37999725341797,120.79000091552734,117.4800033569336,119.47000122070312,1939700
A,2025-07-24,119.43000030517578,122.75,119.43000030517578,120.3499984741211,1602800
A,2025-07-25,120.5,121.01000213623047,119.0199966430664,120.18000030517578,1972700
A,2025-07-28,119.41000366210938,120.7699966430664,118.72000122070312,119.54000091552734,1679100
A,2025-07-29,119.75,120.51000213623047,118.86000061035156,119.83999633789062,1212200
A,2025-07-30,120.23999786376953,120.45999908447266,117.2300033569336,118.05000305175781,979100
A,2025-07-31,116.56999969482422,118.33999633789062,114.47000122070312,114.80999755859375,2339500
A,2025-08-01,113.44999694824219,114.31999969482422,111.19000244140625,113.5,1888600
A,2025-08-04,113.16999816894531,115.02999877929688,112.01000213623047,114.83999633789062,1343200
A,2025-08-05,114.80999755859375,115.43000030517578,114.25,114.88999938964844,1271000
A,2025-08-06,115.08000183105469,115.08000183105469,112.55999755859375,113.2300033569336,1058700
A,2025-08-07,114.5,114.91999816894531,113.16000366210938,113.9800033569336,1157400
A,2025-08-08,114.30999755859375,115.0,113.38999938964844,114.62000274658203,1129700
A,2025-08-11,115.04000091552734,115.66999816894531,113.7300033569336,114.12999725341797,1082300
A,2025-08-12,114.51000213623047,117.37000274658203,114.4000015258789,117.31999969482422,917400
A,2025-08-13,118.05999755859375,120.4000015258789,117.86000061035156,120.29000091552734,983500
A,2025-08-14,119.2300033569336,119.41000366210938,118.1500015258789,118.87000274658203,926300
A,2025-08-15,119.61000061035156,119.95999908447266,118.48999786376953,119.19999694824219,1238500
A,2025-08-18,119.12000274658203,119.5999984741211,118.1500015258789,118.1500015258789,1021100
A,2025-08-19,118.5,120.58999633789062,118.1500015258789,120.11000061035156,1313500
A,2025-08-20,119.87000274658203,120.45999908447266,118.27999877929688,119.11000061035156,1431900
A,2025-08-21,118.48999786376953,118.69999694824219,117.02999877929688,117.1500015258789,744700
A,2025-08-22,118.2699966430664,122.41000366210938,117.47000122070312,121.62999725341797,1291000
A,2025-08-25,121.5,121.69000244140625,118.4800033569336,119.1500015258789,1482500
A,2025-08-26,119.2300033569336,119.62999725341797,118.11000061035156,118.30000305175781,1898200
A,2025-08-27,118.5,119.19999694824219,117.51000213623047,118.69000244140625,1698600
A,2025-08-28,118.80000305175781,125.41999816894531,118.19999694824219,124.95999908447266,3886400
A,2025-08-29,125.0,126.30000305175781,124.11000061035156,125.66000366210938,1781200
A,2025-09-02,124.87999725341797,125.5199966430664,121.80000305175781,125.20999908447266,2412700
A,2025-09-03,124.95999908447266,125.83000183105469,123.72000122070312,125.22000122070312,2497300
A,2025-09-04,125.0,128.8300018310547,123.80000305175781,128.47999572753906,2715400
A,2025-09-05,128.72000122070312,131.0,128.38999938964844,128.75,1633200
A,2025-09-08,127.4800033569336,128.4199981689453,126.27999877929688,128.1300048828125,2136200
A,2025-09-09,128.10000610351562,128.25999450683594,125.8499984741211,126.25,1470300
A,2025-09-10,125.91999816894531,126.72000122070312,124.01000213623047,124.12000274658203,1669500
A,2025-09-11,125.51000213623047,127.05000305175781,124.87000274658203,126.7300033569336,1474100
A,2025-09-12,126.44999694824219,126.52999877929688,123.12999725341797,123.23999786376953,1250800
A,2025-09-15,123.98999786376953,126.41000366210938,123.69999694824219,125.62999725341797,2084900
A,2025-09-16,125.62999725341797,127.58000183105469,125.0199966430664,127.19000244140625,1721100
A,2025-09-17,127.72000122070312,130.0800018310547,126.37999725341797,126.72000122070312,1921700
A,2025-09-18,127.76000213623047,128.5399932861328,126.76000213623047,127.62000274658203,1513200
A,2025-09-19,128.27999877929688,128.5500030517578,126.0199966430664,126.31999969482422,2844300
A,2025-09-22,125.5,126.62000274658203,125.16999816894531,126.33000183105469,976700
A,2025-09-23,126.16999816894531,126.98999786376953,125.9000015258789,125.94000244140625,1281500
A,2025-09-24,125.16999816894531,125.95999908447266,124.08000183105469,124.37999725341797,1239900
A,2025-09-25,123.66000366210938,123.66000366210938,120.77999877929688,121.88999938964844,1411800
A,2025-09-26,122.05000305175781,124.05000305175781,121.55000305175781,123.38999938964844,1167100
A,2025-09-29,123.76000213623047,124.2300033569336,122.56999969482422,123.75,1486100
A,2025-09-30,123.41999816894531,128.38999938964844,123.01000213623047,128.35000610351562,2417900
A,2025-10-01,128.33999633789062,138.97999572753906,128.19000244140625,138.5800018310547,4333300
A,2025-10-02,137.5500030517578,140.63999938964844,136.89999389648438,138.6999969482422,2228800
A,2025-10-03,139.0,143.08999633789062,138.85000610351562,141.63999938964844,2346000
A,2025-10-06,141.50999450683594,141.94000244140625,139.89999389648438,141.61000061035156,1538400
A,2025-10-07,141.86000061035156,142.27000427246094,138.44000244140625,138.55999755859375,1444600
A,2025-10-08,140.36000061035156,142.44000244140625,138.97000122070312,140.80999755859375,1698700
A,2025-10-09,140.27999877929688,140.94000244140625,138.47999572753906,140.11000061035156,1149900
A,2025-10-10,139.66000366210938,140.57000732421875,136.2899932861328,136.6199951171875,1968200
A,2025-10-13,137.85000610351562,139.83999633789062,136.75999450683594,138.22999572753906,1481500
A,2025-10-14,136.27000427246094,139.9199981689453,135.5399932861328,138.0399932861328,1142100
A,2025-10-15,138.67999267578125,140.22000122070312,137.35000610351562,139.64999389648438,1692500
A,2025-10-16,140.83999633789062,143.32000732421875,140.25999450683594,141.10000610351562,2180200
A,2025-10-17,139.75999450683594,142.24000549316406,139.02000427246094,141.9199981689453,1506500
A,2025-10-20,143.0,144.6300048828125,142.27000427246094,143.0,1580500
A,2025-10-21,145.3000030517578,149.5,144.27000427246094,145.67999267578125,1658400
A,2025-10-22,145.27999877929688,147.74000549316406,144.4600067138672,145.8699951171875,1495400
A,2025-10-23,146.3000030517578,148.3300018310547,145.60000610351562,147.4600067138672,1210000
A,2025-10-24,148.1199951171875,149.1199951171875,147.52999877929688,148.02999877929688,1135500
A,2025-10-27,148.27999877929688,148.64999389648438,146.52000427246094,146.58999633789062,1187900
A,2025-10-28,145.74000549316406,147.27000427246094,144.6300048828125,145.85000610351562,1470100
A,2025-10-29,145.52000427246094,146.0500030517578,142.8699951171875,143.1999969482422,1902500
A,2025-10-30,142.92999267578125,145.27000427246094,142.2100067138672,143.36000061035156,1519600
A,2025-10-31,142.77999877929688,146.99000549316406,142.60000610351562,146.36000061035156,1487200
A,2025-11-03,145.07000732421875,145.5800018310547,142.52999877929688,144.69000244140625,1785800
A,2025-11-04,143.5,148.7100067138672,143.5,146.0800018310547,2176600
A,2025-11-05,143.14999389648438,147.49000549316406,142.4600067138672,146.77000427246094,1664700
A,2025-11-06,145.7899932861328,148.00999450683594,145.10000610351562,147.49000549316406,1286000
A,2025-11-07,146.52000427246094,147.1199951171875,144.5800018310547,146.74000549316406,1027200
A,2025-11-10,146.92999267578125,147.8800048828125,145.10000610351562,146.36000061035156,1310500
A,2025-11-11,146.91000366210938,149.97999572753906,146.77999877929688,149.4199981689453,1218600
A,2025-11-12,149.91000366210938,152.6699981689453,148.77999877929688,151.52000427246094,2064500
A,2025-11-13,149.44000244140625,152.10000610351562,146.52000427246094,146.88999938964844,1940700
A,2025-11-14,145.32000732421875,148.0,144.5,146.82000732421875,1302600
A,2025-11-17,146.3699951171875,147.0399932861328,144.0500030517578,144.52000427246094,1445600
A,2025-11-18,143.24000549316406,145.2899932861328,140.24000549316406,143.83999633789062,2330800
A,2025-11-19,145.49000549316406,145.49000549316406,142.75999450683594,144.39999389648438,1848300
A,2025-11-20,147.16000366210938,147.36000061035156,143.9499969482422,145.05999755859375,1443700
A,2025-11-21,144.47000122070312,151.75999450683594,144.47000122070312,151.25,2469000
A,2025-11-24,151.89999389648438,153.60000610351562,150.47000122070312,153.60000610351562,3984500
A,2025-11-25,150.77999877929688,160.27000427246094,148.0,157.1999969482422,3698000
A,2025-11-26,155.74000549316406,158.1199951171875,154.02000427246094,154.3699951171875,3294300
A,2025-11-28,154.11000061035156,154.55999755859375,153.22000122070312,153.5,1531600
A,2025-12-01,152.5399932861328,153.9499969482422,149.19000244140625,150.10000610351562,2043900
A,2025-12-02,150.9600067138672,151.4600067138672,148.75,148.80999755859375,1653000
A,2025-12-03,149.77000427246094,151.42999267578125,149.10000610351562,149.25999450683594,2163100
A,2025-12-04,149.25999450683594,149.8000030517578,144.22000122070312,148.32000732421875,2865100
A,2025-12-05,148.7899932861328,149.0,144.75999450683594,145.49000549316406,2142100
A,2025-12-08,144.82000732421875,144.82000732421875,142.17999267578125,142.44000244140625,2195300
A,2025-12-09,142.3000030517578,142.77000427246094,140.22000122070312,140.63999938964844,2324500
A,2025-12-10,141.50999450683594,143.92999267578125,141.05999755859375,143.47000122070312,1864000
A,2025-12-11,143.57000732421875,143.8800048828125,142.13999938964844,142.8699951171875,1226100
A,2025-12-12,142.58999633789062,142.85000610351562,139.14999389648438,139.67999267578125,1961800
A,2025-12-15,141.82000732421875,143.3699951171875,139.72000122070312,140.60000610351562,2712100
A,2025-12-16,140.47999572753906,140.50999450683594,138.0399932861328,139.19000244140625,1798800
A,2025-12-17,138.6699981689453,139.30999755859375,136.27000427246094,136.66000366210938,2242000
A,2025-12-18,137.08999633789062,138.97999572753906,136.22999572753906,136.89999389648438,2693900
A,2025-12-19,137.2100067138672,138.27000427246094,136.42999267578125,137.24000549316406,4959100
A,2025-12-22,137.6199951171875,139.19000244140625,137.2100067138672,138.52000427246094,2038300
A,2025-12-23,138.1699981689453,138.9199981689453,137.63999938964844,138.36000061035156,1208700
A,2025-12-24,138.35000610351562,138.57000732421875,137.77000427246094,138.32000732421875,509000
A,2025-12-26,138.5,138.6300048828125,137.8699951171875,138.38999938964844,739300
A,2025-12-29,138.39999389648438,139.07000732421875,137.6199951171875,137.92999267578125,1640800
A,2025-12-30,137.57000732421875,138.16000366210938,136.8300018310547,137.6199951171875,2423100
A,2025-12-31,137.61000061035156,137.97000122070312,136.0399932861328,136.07000732421875,950000
A,2026-01-02,136.24000549316406,137.9499969482422,135.27000427246094,137.9499969482422,1650600
A,2026-01-05,137.6699981689453,142.97000122070312,137.66000366210938,142.92999267578125,2981500
A,2026-01-06,142.17999267578125,148.55999755859375,142.1699981689453,147.60000610351562,2627700
A,2026-01-07,147.63999938964844,149.38999938964844,145.5500030517578,147.80999755859375,2279000
A,2026-01-08,146.74000549316406,148.74000549316406,145.3699951171875,145.75999450683594,1728700
A,2026-01-09,147.47999572753906,150.02999877929688,147.14999389648438,148.52000427246094,1818800
A,2026-01-12,148.60000610351562,150.0,146.91000366210938,147.99000549316406,1127900
A,2026-01-13,148.57000732421875,150.10000610351562,143.13999938964844,146.32000732421875,2593400
A,2026-01-14,146.41000366210938,148.3699951171875,145.52000427246094,145.9199981689453,1684100
A,2026-01-15,146.58999633789062,146.89999389648438,144.67999267578125,144.8300018310547,1675000
A,2026-01-16,144.1999969482422,144.8800048828125,139.49000549316406,139.63999938964844,2603400
A,2026-01-20,138.0,138.77000427246094,134.6300048828125,135.8300018310547,3300700
A,2026-01-21,136.22000122070312,140.47000122070312,136.02000427246094,139.77000427246094,1988100
A,2026-01-22,139.3000030517578,141.19000244140625,138.42999267578125,138.6300048828125,1453200
A,2026-01-23,138.0,138.3699951171875,133.9600067138672,135.0500030517578,1811600
A,2026-01-26,134.72000122070312,136.9600067138672,134.10000610351562,135.64999389648438,1551900
A,2026-01-27,134.49000549316406,137.08999633789062,134.05999755859375,135.9499969482422,1422500
A,2026-01-28,135.39999389648438,135.57000732421875,133.39999389648438,133.8699951171875,1682600
A,2026-01-29,132.75,133.30999755859375,129.6300048828125,133.27000427246094,1919100
A,2026-01-30,131.94000244140625,133.94000244140625,131.0800018310547,133.85000610351562,1808000
A,2026-02-02,132.6300048828125,135.57000732421875,132.1199951171875,135.38999938964844,1487800
A,2026-02-03,135.38999938964844,137.85000610351562,131.55999755859375,132.13999938964844,2462900
AA,2025-02-04,34.5,36.43000030517578,34.33000183105469,36.2400016784668,5343300
AA,2025-02-05,36.11000061035156,36.2400016784668,35.47999954223633,36.029998779296875,3221800
AA,2025-02-06,36.630001068115234,36.869998931884766,35.31999969482422,35.93000030517578,3261000
AA,2025-02-07,36.75,37.84000015258789,36.04999923706055,36.119998931884766,4661400
AA,2025-02-10,37.369998931884766,37.599998474121094,36.88999938964844,36.91999816894531,5755200
AA,2025-02-11,37.08000183105469,38.58000183105469,36.720001220703125,37.16999816894531,6390500
AA,2025-02-12,36.540000915527344,37.18000030517578,36.130001068115234,36.33000183105469,3809000
AA,2025-02-13,36.150001525878906,36.439998626708984,35.599998474121094,36.380001068115234,4389700
AA,2025-02-14,37.15999984741211,37.470001220703125,36.18000030517578,36.2400016784668,3113700
AA,2025-02-18,36.27000045776367,37.029998779296875,35.88999938964844,37.0099983215332,2704400
AA,2025-02-19,36.459999084472656,37.0,36.13999938964844,36.18000030517578,3378700
AA,2025-02-20,36.529998779296875,37.54999923706055,36.2599983215332,37.25,5987800
AA,2025-02-21,36.459999084472656,36.665000915527344,33.95000076293945,34.400001525878906,7218200
AA,2025-02-24,34.494998931884766,35.779998779296875,34.27000045776367,35.02000045776367,5964200
AA,2025-02-25,35.099998474121094,35.099998474121094,33.880001068115234,34.369998931884766,3811400
AA,2025-02-26,34.70000076293945,34.810001373291016,33.5,33.66999816894531,4311600
AA,2025-02-27,33.779998779296875,34.224998474121094,33.34000015258789,33.43000030517578,3979300
AA,2025-02-28,33.0,33.36000061035156,32.54999923706055,33.25,4671700
AA,2025-03-03,34.5,34.5099983215332,31.299999237060547,31.329999923706055,4994500
AA,2025-03-04,31.354999542236328,31.860000610351562,30.149999618530273,31.149999618530273,5231800
AA,2025-03-05,32.47999954223633,32.68000030517578,31.601999282836914,32.380001068115234,4520500
AA,2025-03-06,32.400001525878906,33.84000015258789,32.279998779296875,32.83000183105469,5857200
AA,2025-03-07,32.25,33.380001068115234,31.834999084472656,32.84000015258789,4178800
AA,2025-03-10,32.41999816894531,32.56999969482422,30.6299991607666,30.979999542236328,5773400
AA,2025-03-11,31.200000762939453,32.470001220703125,31.030000686645508,31.959999084472656,7065500
AA,2025-03-12,32.400001525878906,33.685001373291016,32.130001068115234,33.25,4771100
AA,2025-03-13,33.0,34.099998474121094,31.959999084472656,32.310001373291016,5503500
AA,2025-03-14,33.0,33.60499954223633,32.59000015258789,33.529998779296875,3837100
AA,2025-03-17,33.68000030517578,35.119998931884766,33.67499923706055,34.790000915527344,5839300
AA,2025-03-18,34.59000015258789,34.65999984741211,32.9900016784668,33.970001220703125,5358600
AA,2025-03-19,34.439998626708984,35.77000045776367,34.150001525878906,35.310001373291016,4510700
AA,2025-03-20,34.56999969482422,35.470001220703125,34.369998931884766,34.84000015258789,3102800
AA,2025-03-21,33.93000030517578,34.08000183105469,33.45000076293945,33.95000076293945,4720600
AA,2025-03-24,34.45500183105469,34.630001068115234,33.310001373291016,33.470001220703125,4809000
AA,2025-03-25,33.68000030517578,34.525001525878906,33.61000061035156,33.709999084472656,3650900
AA,2025-03-26,34.09000015258789,34.45000076293945,33.060001373291016,33.34000015258789,3343700
AA,2025-03-27,32.33000183105469,32.849998474121094,31.799999237060547,31.979999542236328,6066800
AA,2025-03-28,32.04999923706055,32.18000030517578,30.510000228881836,30.65999984741211,6446600
AA,2025-03-31,29.739999771118164,30.625,28.799999237060547,30.5,4982200
AA,2025-04-01,30.299999237060547,30.540000915527344,29.399999618530273,30.139999389648438,4272500
AA,2025-04-02,29.579999923706055,31.09000015258789,29.450000762939453,30.84000015258789,6289800
AA,2025-04-03,28.850000381469727,28.989999771118164,27.125,27.329999923706055,9025500
AA,2025-04-04,26.280000686645508,26.540000915527344,23.6200008392334,24.809999465942383,13147200
AA,2025-04-07,23.920000076293945,26.260000228881836,23.020999908447266,24.59000015258789,7462000
AA,2025-04-08,25.219999313354492,25.8799991607666,22.100000381469727,22.56999969482422,8923900
AA,2025-04-09,22.1299991607666,26.670000076293945,21.530000686645508,25.860000610351562,13028200
AA,2025-04-10,24.559999465942383,24.709999084472656,22.475000381469727,23.75,11076600
AA,2025-04-11,24.219999313354492,25.010000228881836,23.860000610351562,24.75,7486000
AA,2025-04-14,25.520000457763672,25.90999984741211,24.6200008392334,25.010000228881836,5833800
AA,2025-04-15,24.510000228881836,25.3700008392334,24.440000534057617,24.68000030517578,4226900
AA,2025-04-16,24.170000076293945,25.260000228881836,24.15999984741211,25.06999969482422,9150600
AA,2025-04-17,23.799999237060547,24.649999618530273,23.06100082397461,23.31999969482422,13620400
AA,2025-04-21,23.100000381469727,23.549999237060547,22.68000030517578,23.299999237060547,7072900
AA,2025-04-22,23.6200008392334,24.940000534057617,23.56999969482422,24.31999969482422,8992900
AA,2025-04-23,25.229999542236328,26.190000534057617,24.809999465942383,25.049999237060547,8478300
AA,2025-04-24,25.25,26.614999771118164,25.25,26.440000534057617,6323200
AA,2025-04-25,25.729999542236328,26.06800079345703,25.360000610351562,25.709999084472656,5296200
AA,2025-04-28,25.450000762939453,26.041000366210938,25.190000534057617,25.559999465942383,7350700
AA,2025-04-29,25.25,25.541000366210938,24.950000762939453,25.190000534057617,5833600
AA,2025-04-30,24.0,24.600000381469727,23.600000381469727,24.530000686645508,5394700
AA,2025-05-01,24.850000381469727,24.940000534057617,24.395000457763672,24.540000915527344,5126400
AA,2025-05-02,25.110000610351562,25.8799991607666,24.739999771118164,25.530000686645508,5394000
AA,2025-05-05,25.31999969482422,25.450000762939453,24.93000030517578,25.06999969482422,4453800
AA,2025-05-06,24.799999237060547,25.170000076293945,24.68000030517578,24.850000381469727,5594200
AA,2025-05-07,24.75,24.90999984741211,24.149999618530273,24.399999618530273,5292000
AA,2025-05-08,24.65999984741211,26.0,24.399999618530273,25.719999313354492,9761200
AA,2025-05-09,25.899999618530273,26.299999237060547,25.780000686645508,25.920000076293945,6144900
AA,2025-05-12,27.5,28.510000228881836,27.5,28.1200008392334,11556300
AA,2025-05-13,28.200000762939453,28.799999237060547,28.200000762939453,28.649999618530273,6836600
AA,2025-05-14,28.780000686645508,29.860000610351562,28.75,29.610000610351562,9355100
AA,2025-05-15,28.049999237060547,28.950000762939453,27.979999542236328,28.670000076293945,7055000
AA,2025-05-16,28.290000915527344,29.670000076293945,28.290000915527344,29.399999618530273,8807700
AA,2025-05-19,28.6299991607666,29.729999542236328,28.6299991607666,29.40999984741211,6323900
AA,2025-05-20,29.25,29.450000762939453,28.479999542236328,28.790000915527344,4362800
AA,2025-05-21,28.479999542236328,29.420000076293945,28.239999771118164,28.270000457763672,6272400
AA,2025-05-22,28.059999465942383,28.354999542236328,27.530000686645508,27.979999542236328,4815200
AA,2025-05-23,27.329999923706055,28.809999465942383,27.260000228881836,28.06999969482422,5297600
AA,2025-05-27,28.25,28.5,28.0,28.25,4742300
AA,2025-05-28,28.260000228881836,28.280000686645508,27.607999801635742,27.8799991607666,4859000
AA,2025-05-29,28.43000030517578,28.43000030517578,27.415000915527344,27.6299991607666,3181100
AA,2025-05-30,27.309999465942383,27.547000885009766,26.540000915527344,26.770000457763672,5724400
AA,2025-06-02,26.149999618530273,26.969999313354492,25.829999923706055,26.600000381469727,11089100
AA,2025-06-03,26.639999389648438,27.885000228881836,25.940000534057617,27.65999984741211,9010200
AA,2025-06-04,27.90999984741211,27.920000076293945,27.309999465942383,27.3700008392334,4693700
AA,2025-06-05,27.799999237060547,28.40999984741211,27.65999984741211,27.8700008392334,5945700
AA,2025-06-06,28.200000762939453,28.469999313354492,27.780000686645508,28.010000228881836,3699500
AA,2025-06-09,28.440000534057617,29.020000457763672,28.219999313354492,28.559999465942383,6632800
AA,2025-06-10,28.690000534057617,29.420000076293945,28.475000381469727,28.760000228881836,5709500
AA,2025-06-11,29.299999237060547,30.020000457763672,28.58799934387207,28.739999771118164,8174600
AA,2025-06-12,28.020000457763672,28.89299964904785,27.979999542236328,28.860000610351562,4319700
AA,2025-06-13,28.06999969482422,28.639999389648438,28.0,28.350000381469727,3202500
AA,2025-06-16,28.729999542236328,29.149999618530273,28.530000686645508,29.010000228881836,5197500
AA,2025-06-17,29.045000076293945,29.489999771118164,28.610000610351562,28.719999313354492,5188000
AA,2025-06-18,28.6299991607666,28.850000381469727,28.1299991607666,28.350000381469727,5634800
AA,2025-06-20,28.530000686645508,28.610000610351562,27.829999923706055,27.860000610351562,7894100
AA,2025-06-23,28.049999237060547,28.75,27.88800048828125,28.709999084472656,5277800
AA,2025-06-24,28.850000381469727,29.18000030517578,28.219999313354492,28.799999237060547,5249100
AA,2025-06-25,28.950000762939453,28.969999313354492,28.1299991607666,28.170000076293945,3769300
AA,2025-06-26,28.579999923706055,30.299999237060547,28.540000915527344,29.93000030517578,6456200
AA,2025-06-27,29.8799991607666,29.999000549316406,27.719999313354492,28.469999313354492,9417500
AA,2025-06-30,29.149999618530273,29.600000381469727,29.030000686645508,29.510000228881836,7087700
AA,2025-07-01,29.709999084472656,30.71500015258789,29.59000015258789,30.200000762939453,7335300
AA,2025-07-02,30.790000915527344,31.6299991607666,30.709999084472656,31.520000457763672,8882300
AA,2025-07-03,31.299999237060547,31.68000030517578,31.1299991607666,31.149999618530273,3040900
AA,2025-07-07,30.540000915527344,30.69499969482422,29.625,29.809999465942383,5086700
AA,2025-07-08,30.3700008392334,31.440000534057617,30.18000030517578,30.510000228881836,5703500
AA,2025-07-09,30.610000610351562,30.959999084472656,30.229999542236328,30.579999923706055,4616400
AA,2025-07-10,31.31999969482422,31.96500015258789,30.950000762939453,31.56999969482422,4954100
AA,2025-07-11,31.270000457763672,31.364999771118164,30.6200008392334,31.09000015258789,4425100
AA,2025-07-14,30.5,30.739999771118164,29.219999313354492,29.790000915527344,7747200
AA,2025-07-15,30.0,30.1299991607666,28.440000534057617,28.489999771118164,7001700
AA,2025-07-16,28.6299991607666,28.90999984741211,28.1200008392334,28.559999465942383,9338400
AA,2025-07-17,29.1200008392334,30.389999389648438,28.940000534057617,29.389999389648438,11921200
AA,2025-07-18,29.780000686645508,30.68000030517578,29.290000915527344,30.329999923706055,7421100
AA,2025-07-21,31.510000228881836,31.81999969482422,30.920000076293945,30.979999542236328,7500600
AA,2025-07-22,31.290000915527344,31.975000381469727,31.145000457763672,31.93000030517578,5801400
AA,2025-07-23,32.25,32.32899856567383,31.6299991607666,32.099998474121094,4947700
AA,2025-07-24,31.65999984741211,32.2400016784668,31.229999542236328,31.860000610351562,6445100
AA,2025-07-25,31.5,31.700000762939453,30.3799991607666,30.84000015258789,6912200
AA,2025-07-28,30.799999237060547,31.31999969482422,30.170000076293945,30.68000030517578,5907400
AA,2025-07-29,30.5,30.829999923706055,30.09000015258789,30.440000534057617,4734000
AA,2025-07-30,30.360000610351562,30.479999542236328,29.719999313354492,30.1200008392334,6061300
AA,2025-07-31,29.8700008392334,30.684999465942383,29.65999984741211,29.969999313354492,5337700
AA,2025-08-01,29.200000762939453,29.290000915527344,28.110000610351562,28.399999618530273,6930400
AA,2025-08-04,28.829999923706055,29.290000915527344,28.5,29.1200008392334,5493500
AA,2025-08-05,29.5,29.729999542236328,28.834999084472656,29.6200008392334,3578800
AA,2025-08-06,30.440000534057617,30.618000030517578,29.479999542236328,29.549999237060547,4903000
AA,2025-08-07,30.06999969482422,30.18000030517578,29.020000457763672,30.100000381469727,4252900
AA,2025-08-08,30.200000762939453,30.8700008392334,29.920000076293945,30.170000076293945,4868100
AA,2025-08-11,30.25,30.514999389648438,29.239999771118164,29.329999923706055,8075700
AA,2025-08-12,29.729999542236328,31.5,29.610000610351562,31.3799991607666,7308700
AA,2025-08-13,31.649999618530273,31.753999710083008,31.229999542236328,31.729999542236328,4157000
AA,2025-08-14,31.079999923706055,31.440000534057617,30.530000686645508,31.329999923706055,4725700
AA,2025-08-15,31.389999389648438,31.540000915527344,30.959999084472656,31.270000457763672,5523000
AA,2025-08-18,30.770000457763672,30.94499969482422,29.389999389648438,29.6299991607666,7364600
AA,2025-08-19,29.75,30.149999618530273,29.576000213623047,29.850000381469727,3961300
AA,2025-08-20,29.459999084472656,29.722000122070312,29.141000747680664,29.329999923706055,3463900
AA,2025-08-21,29.040000915527344,29.610000610351562,28.920000076293945,29.510000228881836,3101600
AA,2025-08-22,29.56999969482422,32.15999984741211,29.489999771118164,31.68000030517578,8535400
AA,2025-08-25,31.549999237060547,32.09000015258789,31.503000259399414,31.799999237060547,3896700
AA,2025-08-26,31.600000381469727,32.37900161743164,31.5,31.950000762939453,3652000
AA,2025-08-27,31.43000030517578,31.909000396728516,31.010000228881836,31.799999237060547,3698000
AA,2025-08-28,32.06999969482422,32.349998474121094,31.360000610351562,31.920000076293945,3678400
AA,2025-08-29,31.899999618530273,32.470001220703125,31.799999237060547,32.189998626708984,4180500
AA,2025-09-02,31.100000381469727,31.18000030517578,30.209999084472656,30.940000534057617,8241200
AA,2025-09-03,30.610000610351562,31.44499969482422,30.280000686645508,31.110000610351562,6133600
AA,2025-09-04,30.860000610351562,31.309999465942383,30.579999923706055,31.290000915527344,5865500
AA,2025-09-05,31.729999542236328,32.06999969482422,30.989999771118164,31.829999923706055,5686300
AA,2025-09-08,32.0099983215332,32.14500045776367,30.834999084472656,32.040000915527344,6672000
AA,2025-09-09,32.189998626708984,32.90999984741211,31.2549991607666,31.270000457763672,6652800
AA,2025-09-10,31.299999237060547,32.099998474121094,30.760000228881836,30.93000030517578,6482500
AA,2025-09-11,31.010000228881836,32.35499954223633,30.709999084472656,32.290000915527344,6107200
AA,2025-09-12,32.369998931884766,33.45000076293945,32.369998931884766,33.2400016784668,8313400
AA,2025-09-15,33.58000183105469,34.150001525878906,33.400001525878906,33.599998474121094,5656800
AA,2025-09-16,33.86000061035156,34.25,33.1150016784668,33.47999954223633,5921600
AA,2025-09-17,33.0,34.13999938964844,32.72999954223633,32.86000061035156,6699200
AA,2025-09-18,33.25,33.29800033569336,32.64500045776367,32.720001220703125,4318800
AA,2025-09-19,32.77000045776367,32.9900016784668,32.279998779296875,32.459999084472656,6383100
AA,2025-09-22,32.0,32.63999938964844,31.790000915527344,32.630001068115234,4758300
AA,2025-09-23,32.66999816894531,32.970001220703125,31.030000686645508,31.530000686645508,7983300
AA,2025-09-24,31.760000228881836,32.029998779296875,31.104999542236328,31.229999542236328,7167700
AA,2025-09-25,31.209999084472656,31.844999313354492,30.809999465942383,31.450000762939453,5327500
AA,2025-09-26,31.549999237060547,32.83000183105469,31.450000762939453,32.709999084472656,6488900
AA,2025-09-29,33.58000183105469,33.91999816894531,32.959999084472656,33.849998474121094,7467900
AA,2025-09-30,33.46500015258789,33.46500015258789,31.979999542236328,32.88999938964844,8584200
AA,2025-10-01,33.0,34.33000183105469,32.85499954223633,33.849998474121094,5804300
AA,2025-10-02,34.06999969482422,35.04499816894531,33.970001220703125,34.83000183105469,8145900
AA,2025-10-03,35.13999938964844,35.25,34.349998474121094,34.5,5786900
AA,2025-10-06,34.95000076293945,35.4900016784668,33.77000045776367,33.790000915527344,5365900
AA,2025-10-07,34.099998474121094,35.8650016784668,34.02000045776367,35.529998779296875,11291400
AA,2025-10-08,36.47999954223633,37.58000183105469,36.38999938964844,37.060001373291016,10564600
AA,2025-10-09,38.08000183105469,38.09000015258789,36.779998779296875,37.0,9033000
AA,2025-10-10,37.060001373291016,37.349998474121094,35.0099983215332,35.02000045776367,7317600
AA,2025-10-13,36.40999984741211,36.900001525878906,35.61000061035156,36.25,6299500
AA,2025-10-14,35.439998626708984,36.415000915527344,35.130001068115234,35.75,5867100
AA,2025-10-15,36.29999923706055,36.65999984741211,35.6150016784668,36.459999084472656,5311000
AA,2025-10-16,36.849998474121094,37.900001525878906,36.54999923706055,37.130001068115234,5978000
AA,2025-10-17,36.58000183105469,36.75899887084961,35.63999938964844,35.970001220703125,4397900
AA,2025-10-20,36.5099983215332,39.279998779296875,36.34000015258789,38.959999084472656,10907900
AA,2025-10-21,37.959999084472656,38.0,36.06999969482422,37.22999954223633,8781500
AA,2025-10-22,37.380001068115234,37.529998779296875,35.45000076293945,35.650001525878906,9566800
AA,2025-10-23,37.685001373291016,41.54999923706055,37.685001373291016,40.13999938964844,20278200
AA,2025-10-24,38.47999954223633,39.97999954223633,37.779998779296875,39.41999816894531,10623400
AA,2025-10-27,39.7400016784668,40.810001373291016,39.34199905395508,39.900001525878906,7207000
AA,2025-10-28,39.744998931884766,39.939998626708984,39.09000015258789,39.310001373291016,6073400
AA,2025-10-29,39.95000076293945,40.0,38.70000076293945,38.90999984741211,6292800
AA,2025-10-30,38.0,38.0,36.29999923706055,36.7599983215332,10180200
AA,2025-10-31,37.02000045776367,37.02000045776367,36.41999816894531,36.790000915527344,4578300
AA,2025-11-03,36.970001220703125,37.34000015258789,36.595001220703125,37.20000076293945,5225600
AA,2025-11-04,35.900001525878906,36.67300033569336,35.21500015258789,35.2599983215332,4886100
AA,2025-11-05,35.5,36.2599983215332,35.2599983215332,35.7400016784668,5215100
AA,2025-11-06,36.02000045776367,37.5,35.79999923706055,36.70000076293945,8742000
AA,2025-11-07,36.060001373291016,37.58000183105469,35.540000915527344,37.31999969482422,4693800
AA,2025-11-10,38.540000915527344,39.16999816894531,38.220001220703125,38.790000915527344,5676500
AA,2025-11-11,38.790000915527344,38.875,37.35499954223633,37.47999954223633,4301500
AA,2025-11-12,38.16999816894531,40.380001068115234,38.14500045776367,40.029998779296875,8544700
AA,2025-11-13,40.18000030517578,40.25,37.689998626708984,38.189998626708984,7396100
AA,2025-11-14,36.81999969482422,38.14500045776367,36.41999816894531,37.59000015258789,4371700
AA,2025-11-17,37.02000045776367,37.040000915527344,35.36000061035156,35.779998779296875,6772200
AA,2025-11-18,35.43000030517578,36.869998931884766,35.16999816894531,36.54999923706055,5739900
AA,2025-11-19,36.52000045776367,37.15999984741211,36.22999954223633,36.720001220703125,4079300
AA,2025-11-20,37.40999984741211,38.279998779296875,35.54999923706055,35.83000183105469,5687500
AA,2025-11-21,35.5099983215332,36.96500015258789,35.119998931884766,36.34000015258789,5183000
AA,2025-11-24,37.0099983215332,38.834999084472656,36.630001068115234,38.720001220703125,4911600
AA,2025-11-25,38.869998931884766,39.7599983215332,38.4900016784668,39.20000076293945,5008800
AA,2025-11-26,39.599998474121094,42.15999984741211,39.599998474121094,41.56999969482422,7662000
AA,2025-11-28,42.16999816894531,42.16999816894531,41.47999954223633,41.7400016784668,3769000
AA,2025-12-01,41.81999969482422,42.72999954223633,41.45000076293945,41.650001525878906,7454900
AA,2025-12-02,41.650001525878906,42.229000091552734,41.29999923706055,41.45000076293945,5932400
AA,2025-12-03,42.40999984741211,44.959999084472656,42.31999969482422,44.099998474121094,8937500
AA,2025-12-04,43.95000076293945,44.459999084472656,43.52000045776367,44.0099983215332,5540500
AA,2025-12-05,44.25,44.84199905395508,43.73099899291992,43.77000045776367,5135400
AA,2025-12-08,43.9900016784668,44.70000076293945,43.040000915527344,44.459999084472656,7234700
AA,2025-12-09,43.64500045776367,44.53499984741211,43.34000015258789,43.470001220703125,4859800
AA,2025-12-10,43.779998779296875,44.77000045776367,42.7599983215332,44.63999938964844,8209400
AA,2025-12-11,44.5,47.47999954223633,44.5,47.2400016784668,8980500
AA,2025-12-12,47.099998474121094,48.11800003051758,45.81999969482422,46.13999938964844,7533600
AA,2025-12-15,46.65999984741211,46.68000030517578,45.400001525878906,45.4900016784668,3853800
AA,2025-12-16,46.0,46.959999084472656,45.65999984741211,46.560001373291016,4553000
AA,2025-12-17,47.20000076293945,47.83000183105469,46.65999984741211,46.84000015258789,4564100
AA,2025-12-18,47.25,48.72999954223633,47.029998779296875,48.18000030517578,5808000
AA,2025-12-19,48.65999984741211,51.66999816894531,48.540000915527344,51.25,9579700
AA,2025-12-22,51.9900016784668,53.98699951171875,51.75,53.720001220703125,8577200
AA,2025-12-23,54.36000061035156,54.36000061035156,53.08000183105469,53.650001525878906,5557800
AA,2025-12-24,54.0,54.02799987792969,53.0,53.630001068115234,1884200
AA,2025-12-26,54.41999816894531,54.43000030517578,53.7400016784668,54.25,3152800
AA,2025-12-29,52.5,53.939998626708984,52.27000045776367,53.77000045776367,4211000
AA,2025-12-30,54.72999954223633,54.81999969482422,53.779998779296875,54.380001068115234,3457300
AA,2025-12-31,54.38999938964844,54.58000183105469,52.63999938964844,53.13999938964844,5678900
AA,2026-01-02,54.119998931884766,56.61000061035156,54.0099983215332,56.540000915527344,5897500
AA,2026-01-05,58.06999969482422,61.7599983215332,57.5,61.439998626708984,9786100
AA,2026-01-06,61.72999954223633,65.00800323486328,61.72999954223633,63.560001373291016,12386000
AA,2026-01-07,61.650001525878906,63.27000045776367,61.0099983215332,62.7400016784668,10645900
AA,2026-01-08,59.560001373291016,61.41999816894531,58.470001220703125,61.09000015258789,12068600
AA,2026-01-09,61.15999984741211,63.78499984741211,60.645999908447266,63.66999816894531,7025300
AA,2026-01-12,64.15499877929688,66.05000305175781,63.52000045776367,65.66999816894531,8723000
AA,2026-01-13,64.7750015258789,66.23999786376953,64.4000015258789,65.37000274658203,6903900
AA,2026-01-14,65.72000122070312,66.94999694824219,64.44000244140625,64.56999969482422,10871600
AA,2026-01-15,64.45999908447266,64.7300033569336,63.65999984741211,63.810001373291016,11655500
AA,2026-01-16,62.790000915527344,63.349998474121094,59.95000076293945,60.06999969482422,12282500
AA,2026-01-20,59.72999954223633,62.29499816894531,59.59000015258789,62.119998931884766,8466800
AA,2026-01-21,63.52000045776367,64.70999908447266,63.04499816894531,63.869998931884766,6502800
AA,2026-01-22,64.5,65.0,62.3849983215332,63.13999938964844,8993400
AA,2026-01-23,60.790000915527344,62.540000915527344,57.5099983215332,62.209999084472656,11525900
AA,2026-01-26,63.709999084472656,63.709999084472656,58.314998626708984,58.54999923706055,10177700
AA,2026-01-27,57.755001068115234,60.97999954223633,57.5099983215332,59.65999984741211,7189700
AA,2026-01-28,60.83000183105469,61.06999969482422,58.80500030517578,60.0099983215332,5663900
AA,2026-01-29,63.04999923706055,63.53900146484375,59.11000061035156,60.63999938964844,8028900
AA,2026-01-30,58.349998474121094,59.88999938964844,55.92499923706055,56.810001373291016,9187600
AA,2026-02-02,56.79999923706055,58.599998474121094,56.310001373291016,58.209999084472656,9852300
AA,2026-02-03,60.22999954223633,61.369998931884766,59.345001220703125,61.349998474121094,8381700
