date,50ma上,50ma下,50ma上/50ma下,52wH,52wL,52wH/52wL,漲4%+,跌4%+,漲/跌
2026-09-28,1420,3810,0.37,46,363,0.13,228,748,0.3
2026-09-25,1608,3621,0.44,59,261,0.23,284,402,0.71
2026-09-24,1564,3665,0.43,66,360,0.18,290,496,0.58
2026-09-23,1607,3619,0.44,65,268,0.24,205,969,0.21
2026-09-22,1901,3325,0.57,71,142,0.5,587,336,1.75
2026-09-21,1804,3422,0.53,64,198,0.32,557,389,1.43
2026-09-18,1777,3450,0.52,61,268,0.23,397,452,0.88
2026-09-17,1834,3392,0.54,104,187,0.56,774,209,3.7
2026-09-16,1691,3535,0.48,94,336,0.28,286,566,0.51
2026-09-15,1843,3381,0.55,114,346,0.33,231,739,0.31
