ticker,RS,close,volume,distance,dr,adr5,adr10,adr20,avg_value_10
USDE,99.0,15.56,4034200,1.359,10.058,14.783,18.759,18.575,81.467
SECZ,99.0,16.63,4345800,1.107,9.249,12.194,14.342,11.288,97.772
GLND,99.0,4.49,26944300,0.65,34.988,40.37,24.505,16.32,252.081
CYPH,99.0,3.31,26325000,0.227,30.189,17.97,19.275,19.176,78.205
MRNA,99.0,197.28,13312200,4.272,5.672,7.349,7.261,7.374,2852.871
KOD,99.0,89.92,38463100,37.898,58.324,19.692,11.837,8.318,379.499
QMCO,99.0,31.4,1604000,2.952,5.89,14.778,10.399,9.463,61.246
TXG,99.0,88.5,3368900,4.647,6.735,8.99,7.661,6.856,267.796
IOVA,99.0,10.99,12216900,0.223,4.588,6.059,6.041,5.709,164.409
PS,99.0,59.17,629700,4.424,7.903,8.531,9.346,8.958,56.158
TWST,99.0,179.6,2196800,6.918,7.342,8.176,7.692,7.279,418.843
ABCL,99.0,13.92,7794200,0.664,14.943,7.228,6.683,5.983,63.857
CDNA,99.0,64.6,1081400,4.042,5.128,8.028,5.633,5.214,84.272
GRAL,98.0,132.63,1109300,10.909,6.06,9.288,9.35,6.826,207.692
ASST,98.0,29.0,7237300,0.028,5.868,5.767,6.095,7.315,279.814
MXL,98.0,90.0,3286500,1.653,8.672,8.919,7.795,7.345,282.923
SDGR,98.0,29.5,2130100,0.243,7.128,7.477,9.898,7.786,99.826
PLSE,98.0,52.32,374400,0.263,4.81,5.383,6.754,8.163,31.019
DELL,98.0,543.43,6845700,2.908,4.015,4.77,4.849,6.095,5215.718
BAND,98.0,61.01,715900,0.514,5.95,9.022,8.076,8.955,56.364
LIFE,98.0,34.24,1294100,1.13,8.432,9.872,8.937,7.716,75.998
PURR,98.0,12.08,18280000,1.155,6.203,7.579,8.424,9.037,361.918
SNDK,98.0,1712.89,6632000,78.281,6.207,5.791,5.81,5.827,16310.02
AXTI,98.0,73.67,6995100,1.386,9.251,8.719,8.318,8.561,642.237
ETON,98.0,59.18,390300,0.493,6.624,5.961,5.314,4.903,28.258
OKTA,98.0,202.18,3625000,2.491,6.793,5.721,5.326,5.43,863.115
HPE,98.0,62.63,15021800,0.153,3.902,4.807,5.224,6.22,1234.896
P,98.0,129.4,4596100,8.729,5.04,6.85,6.265,5.498,1328.114
HELP,98.0,12.59,985900,0.417,5.707,5.131,7.9,7.77,28.244
RNG,98.0,76.13,1378900,2.647,4.301,4.147,4.756,4.443,134.665
NTRA,98.0,411.77,1644300,8.851,2.727,4.189,3.962,3.535,757.452
ECO,97.0,79.17,561100,1.209,3.023,4.427,4.316,3.936,81.576
ILMN,97.0,271.9,2979300,6.432,4.869,5.725,5.909,4.762,1530.497
AMD,97.0,607.87,21995500,9.998,5.65,3.761,4.006,3.777,14892.518
TWLO,97.0,286.98,2730400,7.351,8.58,6.982,6.507,5.206,871.922
AEHR,97.0,98.49,2106700,1.276,8.669,8.711,7.722,7.989,209.857
AMC,97.0,3.29,72557900,0.201,17.241,7.816,6.964,6.551,104.223
ATRC,97.0,58.41,1161800,1.337,2.794,4.157,3.855,4.027,116.911
MU,97.0,1053.98,22137600,20.036,5.117,4.479,3.832,3.871,25003.157
CRWD,97.0,259.25,8944100,1.238,5.75,3.905,4.983,5.321,3013.48
COHU,97.0,66.07,641400,0.489,4.901,5.681,5.337,5.849,60.644
SMTC,97.0,174.78,2741500,0.755,8.306,6.009,6.44,6.549,659.792
SKHY,97.0,181.92,16104500,6.257,4.121,3.644,3.766,4.0,3917.859
CAI,97.0,31.75,3916200,0.251,3.918,4.31,5.367,5.132,197.601
ACVA,97.0,10.46,6822100,0.001,0.384,0.316,0.326,2.606,109.918
MRVL,97.0,251.9,16869500,5.27,5.497,4.284,4.204,4.557,4271.294
TEM,97.0,85.08,6276700,3.541,4.434,5.871,6.89,6.681,663.575
IOND,97.0,81.82,369200,2.808,3.503,3.988,4.763,6.059,90.563
OMER,97.0,19.43,991700,0.556,5.16,5.045,5.176,4.587,33.806
ABSI,97.0,9.49,3251500,0.536,4.53,10.46,9.291,7.432,47.181
BFLY,97.0,9.15,3870900,0.206,5.562,9.64,8.97,7.461,60.683
RBRK,97.0,113.09,2698300,1.779,7.649,4.704,5.418,5.606,366.341
UMC,97.0,23.85,7090800,0.715,3.373,2.813,3.175,2.973,287.431
HTFL,97.0,49.92,821600,0.301,3.799,4.506,4.589,5.154,104.291
NUAI,97.0,6.96,7451400,0.058,7.164,9.405,9.651,9.208,70.565
TEAM,97.0,178.54,3658500,10.474,4.963,4.855,4.172,4.412,607.664
VICR,97.0,285.1,695800,2.523,5.83,8.717,7.197,6.66,283.702
INTC,97.0,116.03,111220000,5.093,6.102,4.68,5.141,4.696,14305.134
AEMD,96.0,6.38,141100,0.299,8.571,10.04,14.953,12.8,65.839
FEIM,96.0,82.49,345100,0.696,8.703,5.942,5.196,5.896,32.08
PGEN,96.0,7.81,3489000,0.005,4.8,7.475,6.197,4.881,45.087
APPS,96.0,11.22,2871600,0.321,7.163,7.948,8.07,7.249,33.533
CVI,96.0,50.75,1203200,0.353,6.122,5.449,5.426,5.522,63.124
NAT,96.0,7.79,4365500,0.14,3.368,3.998,3.837,3.849,42.835
AMLX,96.0,29.85,977000,1.05,4.981,4.83,4.721,4.825,46.985
CLMT,96.0,52.61,951300,1.342,3.948,5.305,4.609,4.567,92.855
INSW,96.0,108.31,678600,3.2,2.355,4.079,4.148,3.689,94.575
FRO,96.0,48.1,3353700,0.314,2.542,3.108,3.608,3.369,239.468
VLO,96.0,389.57,3560400,7.622,2.818,5.008,4.846,4.078,1933.728
ASX,96.0,43.79,6657700,0.629,3.566,3.411,3.529,3.228,289.642
XNCR,96.0,25.6,1532300,0.477,8.298,5.394,4.422,4.887,40.979
NEO,96.0,19.29,1299100,0.211,3.051,4.693,4.359,4.517,48.265
PBF,96.0,74.39,2464400,2.072,3.72,6.86,6.826,6.108,346.252
HNGE,96.0,92.45,1193200,0.498,2.61,4.059,3.835,4.477,174.772
NUTX,96.0,212.735,163500,4.999,6.282,5.718,5.377,5.55,32.125
STX,96.0,921.51,3402300,9.043,7.18,5.333,5.438,5.369,3600.501
ADPT,96.0,28.51,2639000,0.008,5.166,5.057,5.226,4.655,84.271
NET,96.0,353.99,2821900,3.545,5.412,4.79,5.58,5.585,1109.237
PANW,96.0,392.09,6008900,0.304,7.414,4.517,4.689,4.925,2501.111
MPC,95.0,389.44,2656000,1.219,2.909,4.085,4.288,3.724,1555.364
DINO,95.0,106.19,2519600,0.084,2.895,4.584,5.086,4.367,366.822
ALAB,95.0,351.31,4069500,6.409,7.509,6.808,6.584,6.485,1414.785
PSNL,95.0,16.32,1669500,0.145,3.0,2.579,2.528,2.935,36.173
AIFF,95.0,1.69,3672100,0.229,15.484,16.052,15.418,10.791,31.319
DOCN,95.0,136.29,1814500,5.067,4.06,5.381,6.835,7.113,423.618
CORT,95.0,115.63,1149000,0.451,2.37,5.096,5.079,4.793,292.085
FIVN,95.0,34.66,1850100,2.079,4.661,5.836,7.111,5.825,109.243
LPG,95.0,54.36,696500,0.939,3.642,3.851,3.928,3.604,37.68
NEOG,95.0,13.72,7572600,0.075,3.204,4.139,4.183,3.731,62.089
PENG,95.0,54.98,1337400,0.271,4.175,5.334,4.854,4.754,80.366
FTNT,95.0,176.33,2830800,2.025,4.335,3.34,3.832,4.048,802.418
SATL,95.0,6.05,5912900,0.251,5.817,7.84,8.533,7.729,35.234
GH,95.0,177.33,1318500,0.457,3.068,3.839,4.377,4.895,373.062
PRLB,95.0,96.9,284700,3.695,2.72,4.264,4.125,3.198,26.899
HALO,95.0,112.89,2236700,0.939,1.641,3.215,3.085,2.741,360.36
RVTY,95.0,151.02,1478200,2.417,1.978,3.681,4.095,3.549,382.016
XMTR,95.0,103.14,806300,0.499,5.763,7.155,6.044,5.234,114.399
SOAR,95.0,0.319,979981500,0.157,49.521,14.09,12.715,13.338,32.158
SIMO,95.0,278.07,413400,2.035,3.958,5.292,5.231,6.109,193.746
TH,95.0,19.3,1732200,1.081,9.556,5.456,4.772,4.596,47.473
NBIS,95.0,231.88,12710400,0.119,7.431,6.37,6.769,6.373,3827.341
ANDG,95.0,52.78,573700,0.612,4.241,4.836,3.768,3.565,26.299
AMBQ,95.0,68.3,278000,0.833,6.061,5.166,5.56,5.369,44.939
NTAP,95.0,204.41,2947700,4.592,2.548,3.579,3.423,4.441,463.473
MMED,94.0,20.49,3729700,0.263,3.586,4.043,4.178,5.051,62.524
SWKS,94.0,87.59,3357200,1.51,4.89,4.302,5.782,6.357,680.551
TRLV,94.0,12.34,1491300,0.001,8.418,6.277,6.708,6.539,34.495
BE,94.0,262.87,15522000,4.458,10.329,7.669,6.679,6.668,5300.683
BLFS,94.0,39.15,1275700,0.517,5.018,3.149,2.689,2.773,35.893
NSIT,94.0,155.96,221400,1.511,2.536,3.651,4.344,3.776,77.675
LITE,94.0,921.32,4432800,17.096,7.914,5.814,5.843,6.076,4417.55
TRMD,94.0,35.42,1788700,0.835,2.166,3.285,3.874,3.406,98.463
PRTH,94.0,7.77,1439900,0.011,0.257,0.314,1.442,2.948,28.438
NTSK,94.0,17.85,4676200,0.584,5.409,4.191,4.775,6.489,143.725
RVMD,94.0,201.74,1814500,4.533,1.99,4.206,4.112,3.671,517.397
PSX,94.0,253.55,3596100,0.919,2.969,3.655,3.842,3.306,1076.699
DHT,94.0,21.9,3707900,0.337,3.286,3.499,3.816,3.484,103.155
FORM,94.0,130.97,1332400,0.651,5.689,5.702,4.834,4.94,144.116
AMRX,94.0,20.5,2775200,0.402,6.178,5.067,6.267,4.433,68.196
TBBB,94.0,53.54,697600,0.822,2.034,3.171,2.771,2.933,35.676
AVAH,94.0,12.69,2034900,0.13,3.374,3.9,3.606,3.761,47.04
DDOG,94.0,268.7,3464800,7.12,6.767,4.972,5.091,4.886,881.688
SSL,94.0,13.93,2336700,0.071,2.016,2.803,3.05,3.073,27.667
GTLB,93.0,46.21,5194500,2.268,5.088,3.978,3.663,4.404,199.037
HAFN,93.0,9.13,2747000,0.093,2.541,3.238,3.179,3.18,30.248
ZBRA,93.0,371.87,638500,2.249,2.962,3.076,2.922,2.952,225.997
AVT,93.0,101.45,1017500,0.662,3.014,3.807,3.688,3.592,141.699
SRZN,93.0,29.64,409700,4.356,4.757,15.089,10.887,8.891,47.53
GRML,93.0,11.85,8923900,0.877,26.562,39.647,30.411,21.163,517.457
CRL,93.0,294.59,900000,4.671,2.68,4.602,3.843,3.28,319.705
RGEN,93.0,194.09,1567100,4.217,6.285,4.409,3.871,4.085,217.168
ARM,93.0,283.33,9046700,23.25,10.018,6.237,6.18,5.26,2177.621
MTRN,93.0,261.99,206400,4.456,2.67,3.314,3.171,3.435,59.157
FSLY,93.0,24.92,5085400,1.695,4.515,14.702,12.769,10.194,294.857
PAYC,93.0,220.58,483300,2.016,3.792,3.154,3.282,3.119,185.706
AYA,93.0,26.53,1457800,1.502,4.673,5.124,4.876,5.128,40.825
SITM,93.0,656.65,335400,11.665,4.955,5.886,5.539,5.703,339.067
MANE,93.0,115.0,633500,1.142,5.076,5.936,5.805,5.311,108.56
UGP,93.0,7.13,3120000,0.261,2.116,3.261,2.708,2.726,28.18
AVTR,93.0,15.29,9436700,0.133,2.256,2.986,2.984,3.084,150.138
SBET,93.0,9.5,6990900,0.264,3.609,4.836,6.082,6.147,91.667
IMAX,93.0,56.13,1394700,1.661,3.719,3.628,3.584,3.236,56.0
WT,93.0,24.06,2542400,0.111,2.565,3.345,3.865,4.358,78.642
CAKE,93.0,105.16,1413200,0.903,3.337,3.487,3.691,3.417,147.275
VSXY,93.0,88.29,2231700,2.299,10.933,4.469,4.538,4.76,140.386
TNK,92.0,95.71,312100,0.97,2.73,3.446,3.463,3.498,46.063
PRCH,92.0,16.83,1492500,0.046,6.712,6.487,5.521,4.919,30.089
ZETA,92.0,28.99,5530600,0.779,4.888,5.164,4.705,4.687,160.485
VIA,92.0,29.1,641000,0.387,3.751,5.518,5.254,4.913,35.413
QRVO,92.0,116.3,1248700,1.346,3.465,2.98,4.087,4.368,182.108
BB,92.0,8.8,30500000,0.005,14.395,9.651,7.152,5.394,188.286
VEEV,92.0,279.96,1371800,4.752,3.486,2.804,2.844,2.918,493.704
TEN,92.0,46.31,451000,0.405,3.382,3.75,4.248,3.829,30.251
S,92.0,22.74,6400100,0.883,5.782,4.537,5.233,5.203,213.933
FTRE,92.0,20.06,1339100,0.143,8.372,5.612,6.257,5.447,33.865
AAMI,92.0,93.79,338600,0.663,2.164,3.549,3.219,3.328,49.054
SEI,92.0,69.15,2881400,0.952,6.87,5.853,5.249,5.716,182.333
SNOW,92.0,328.12,4523500,7.735,5.397,4.235,4.191,4.324,1312.06
IBRX,92.0,8.52,10395300,0.118,8.705,7.899,7.248,6.033,109.946
MGNI,92.0,23.4,2135000,0.643,2.902,3.513,3.957,4.076,61.394
SMCI,92.0,41.78,29422700,0.027,5.127,4.707,5.227,5.353,1625.923
VRNS,92.0,47.925,1750900,0.661,7.866,4.278,4.149,4.415,84.235
BBNX,92.0,20.52,1760500,1.043,8.856,6.343,9.125,8.154,43.86
A,92.0,175.21,2141700,2.893,3.847,4.055,3.337,3.025,480.529
TGTX,91.0,56.19,1442300,0.473,3.185,4.26,4.466,4.31,118.531
DT,91.0,57.84,6947400,0.925,3.964,3.079,3.275,3.098,482.243
BLLN,91.0,121.72,343600,1.886,4.997,8.219,6.678,5.9,79.666
ARW,91.0,230.46,346900,2.539,2.39,2.951,3.022,3.139,106.854
ANF,91.0,134.18,1258800,0.44,2.642,3.849,3.902,3.982,167.228
MRX,91.0,71.29,581100,0.481,3.32,4.693,4.645,4.576,51.413
BETA,91.0,22.88,1926700,0.26,5.845,7.09,7.47,7.138,118.73
HPQ,91.0,31.32,13271100,0.305,3.448,3.896,4.616,4.891,534.72
BMNR,91.0,26.84,26791400,0.565,4.471,4.597,5.383,5.991,1109.142
QLYS,91.0,173.83,600600,6.955,4.504,4.588,4.97,5.588,135.228
DGII,91.0,78.22,364300,0.701,4.449,3.765,3.463,3.578,30.201
SN,91.0,181.99,1576700,5.714,5.488,4.253,3.944,4.307,435.651
INFQ,91.0,14.13,6301600,0.157,5.413,6.198,6.555,6.113,126.635
OUST,91.0,40.9,3614000,0.709,7.862,7.52,6.375,5.542,96.291
HUM,91.0,389.63,1487500,12.708,4.906,3.919,3.299,3.409,437.436
TER,90.0,401.3,2011900,0.548,4.816,4.891,4.213,4.257,923.68
LGND,90.0,314.1,239600,7.266,5.085,3.495,3.309,3.126,77.202
GCT,90.0,52.62,459200,0.399,4.126,6.204,4.953,5.183,39.92
NVAX,90.0,10.8,4455800,0.002,7.018,5.949,5.365,6.273,60.132
IQV,90.0,270.97,1595000,0.965,2.549,2.851,2.575,2.548,511.77
CHEF,90.0,111.76,446200,0.595,3.698,3.487,3.548,3.532,63.274
PRGO,90.0,15.1,2889400,0.473,3.557,6.027,4.906,4.584,48.361
VCTR,90.0,109.6,326600,1.839,2.169,3.107,3.507,3.413,87.932
ANET,90.0,204.92,3467600,0.431,2.373,2.951,3.107,3.259,1051.495
ERO,90.0,37.41,1183000,0.225,6.712,5.086,4.685,4.753,44.364
MSTR,90.0,157.14,16220200,3.405,4.295,3.918,5.273,5.565,3939.882
PLPC,90.0,416.37,68200,8.59,3.134,3.572,3.979,4.07,30.198
PLTR,90.0,187.48,17407900,1.521,2.494,3.269,3.414,3.755,4606.212
ESTC,90.0,87.94,1914100,2.481,4.822,4.079,4.319,4.451,161.19
DXPE,90.0,191.43,162100,0.885,2.704,2.652,2.556,2.7,25.657
VIAV,90.0,40.87,6715800,1.985,8.518,6.972,5.703,5.619,222.906
BRKR,90.0,63.28,2593900,1.065,4.137,5.318,5.587,4.941,162.273
FFIV,90.0,435.56,468500,8.608,4.045,2.83,3.489,3.334,269.731
ROIV,90.0,36.98,6970800,0.288,5.57,3.44,3.465,3.7,367.224
